1049115,GGATCATAACGAGACTTCTG,ATR
1049112,GAAATCAAGCAACATCACGG,ATR
1049134,TTGTGTAACAAATGACAGGA,ATR
1049170,AGTGGAAGCCATGAGGCCAA,ATR
794948,TTCAGCTTGACGGCATCCAC,BRD4
794956,GATTTCTCAATCTCGTCCCA,BRD4
794959,ACTGCAATACCTGCTCAGAG,BRD4
111785,GAATGCTCAGGAATGTATCC,BRD4
908707,GGTCTGGTAGAAACACCAAC,NAP1L1
908718,ACTCGTCTTTTAACTACCCT,NAP1L1
908714,TCTGTGCACATTTAACTTGC,NAP1L1
908719,ACCATCAAGTCTTTCTTGAA,NAP1L1
915801,ACGGTGAAGATACTGCTGCT,NAP1L2
915797,CTTGGAGACGATGGGAAGTG,NAP1L2
915840,CGATACTGATGAGGACTCAG,NAP1L2
572794,GACCGTCCAAAAGGACTTAT,NAP1L2
799100,TAGCTCGACTAGTGATTCTG,NAP1L3
799104,CGAGCTAGCCATCTCCTCTT,NAP1L3
799122,GCCGCTTGTATAGAAAGAAG,NAP1L3
799108,CACGAAATTTGTTCCCAACG,NAP1L3
951074,AGACTTGACGTGTTTGCTGT,ACTL6B
951079,AGGTGTGATCCAGGATGGCT,ACTL6B
951077,GGGGCGCTGGTCTTTGACAT,ACTL6B
145596,GTCATGTCGCCCCTCAAGAA,ACTL6B
658744,CCTGCTTCGAATTAGAGAGA,AFF1
658727,TAGTCGAATACAGAACATGT,AFF1
658732,GAGTGTGAGACTTAGTACTA,AFF1
658755,CTTGTAGGGCTCTCCAAAAA,AFF1
1062184,TGCGTATGAAAGAACGGGAA,AFF4
1062200,TTGTATGGCTCTGCAAAGAG,AFF4
1062179,CAGTCTCAGAAACGGTCCTC,AFF4
168989,GCAGCACATTCCGGTCTTCA,AFF4
834873,GTGGTTGGTGTACAGTTCCG,AIRE
834875,ACCGGGTTTTCTTCCCAATA,AIRE
1052820,GACTACAACCTGGAGCGCTA,AIRE
834881,AAGAGACGCCCATGCAGACT,AIRE
930592,GACTCTGATCTTCGGCAAGG,AKAP1
930595,GGTGTTAGGAAGAATGCCCG,AKAP1
930604,TGGTCGCAATCTCATGTCTG,AKAP1
930608,GTGGACAGTTCCTTTTCTGG,AKAP1
890651,TCGGTACTTGGCACTGACAT,ARID4A
890663,GCAAGTTGACAGATGCTAGT,ARID4A
890657,GTCATCTTGTACCAATTGTG,ARID4A
890660,GTACCGAGGTGCCTTCTGTG,ARID4A
922057,GTGCCCACTGTCAAATAGGG,ARID4B
922052,CGATCTTCACTGTGCCTGAA,ARID4B
922061,AGTGCCAAAATGCTCAGGGT,ARID4B
84180,GTTCAGGATGACCACATAAA,ARID4B
692218,TTTCTCGATTCCGTTTGCGA,ASH1L
692226,CGAGAAAGAAACATCGAAGC,ASH1L
692231,GACCAATGTGCCAGTACTGA,ASH1L
420568,GGATTGGGTTCTGATTCCGA,ASH1L
604828,CGGATGTTCATCCTGTGTTC,ASH2L
652254,GCAAACTTGGTCGATGTAAG,ASH2L
604831,GTGGGAATACCTATTTCCTC,ASH2L
719743,GCTCTACCTCACCCAACTGT,ASH2L
808539,TAGCATTGAGGCATGCGAGA,ASXL1
808541,GTGAAAAGGCTGATTCGGCC,ASXL1
808543,CTACATTCCAATTCAAGAGG,ASXL1
808556,GTATGAACCTGCTGTAAGCT,ASXL1
902407,CTATAAGGTTCCAGGTAGAA,ASXL2
902438,ATGCTTCACACAAACTCCAG,ASXL2
902424,ATTGCATTCAGGCATGCAAG,ASXL2
902478,CTTCAAGTTATCCAGAGAGA,ASXL2
673004,GTGAAGCATTGCATTCAGAC,ASXL3
672982,AATCCAACGTGCCATCTGCT,ASXL3
672984,TTCACACTAACACTCGAATA,ASXL3
672995,GGATGGTACAGATATGGCCG,ASXL3
1086757,AGGAAGTTGAAACCTACCAC,ATAD2
1086754,ATAACGGAGCAACTTGCTAA,ATAD2
1086759,GTCCAGTGACTTCCTCAGTC,ATAD2
1086761,GAAGTCACTGGACAGGTCCA,ATAD2
660993,ACGAAGTACTGGTCAGCGAG,ATAD2B
661020,GATGAAATGGCTGCTGCCTC,ATAD2B
309259,TTCAAAGTGCGTTTGGCTGG,ATAD2B
309240,CTTCTCGGGTCCAAGTCTCC,ATAD2B
901163,AATAACGTCTCGAAGAACAA,ATM
901166,ATCACATGCGATGGAAAATG,ATM
901175,TGACTGGCACTAGAATTTGC,ATM
901184,TTCAGCTGCTTGCTCACATA,ATM
899481,TCGTGACGATCCTGAAGACT,ATRX
899488,TGATTCATTGCAAGTCGTGG,ATRX
899500,TGGAAGTAACTCTGATATGA,ATRX
899511,ATTCTTCTGATGAGTGTGCA,ATRX
624369,TTCATGTAAGCGCGAACGAT,BAZ1A
624379,AACGGCTTTCGGTGTAGCAG,BAZ1A
324972,GCTTCCTGATACGTCAGTCC,BAZ1A
324986,GTAGTGGCGGAAGATCTCGT,BAZ1A
910194,GGGGGACAATACCCACTCAA,BAZ2A
910197,GTATTGTCCCCCCGAGAACT,BAZ2A
910198,GTAGTTCCAGAGACAGTCGT,BAZ2A
239290,TGGGAGACCCGTTAGTGTAG,BAZ2A
876298,CCGGATTGGGGATGAGTATG,BOP1
876305,ACTGTGGCCCTCGTCATCAA,BOP1
876301,TGTCACTGCCGGAATCTTCC,BOP1
876324,GGATGATGACGAAGGCGACG,BOP1
650919,ATCAGTTCGCATGGCCATTC,BRD2
650928,GTAACTCGTCCTGGCTTTTT,BRD2
650937,CCTACACAAGGTAGTGATGA,BRD2
826164,AAAGCCCTCATACAAGAGAG,BRD2
1050355,ATTTGATTGCGTCCACGGGC,BRD3
1050380,GAGTGCAAGCGAATGTATGC,BRD3
1050366,CATTAGCACTATGTCATCTG,BRD3
1050391,GCAGTACATGCAGAATGTGG,BRD3
692011,GTCGGACAAACACCTCTACG,BRD7
692026,GGAGGCAAGTCTAATCTCAC,BRD7
692030,GATCGTTTTTGTCTTCGAAG,BRD7
692016,GAAGTCACCGAACTCTCCAC,BRD7
945617,CTCTAAAAGCTCCGAGTACT,BRD8
965510,CCGGAGGTTACCCACTGTGA,BRD8
965527,GGACTTGACTCCAACCACTA,BRD8
945615,AGCTTCTCTCGGATGGACCA,BRD8
792824,TCTCCCTTGAACGTGGTACA,BRDT
792822,TTGGGCCGCAGTTTGTGAAC,BRDT
622107,ATGGCCCTTTCAACGTCCTG,BRDT
622127,AGAGCAAGTTGTGGGTGTTA,BRDT
733052,GCTTAGTCGCCCGCAAGTTG,BRPF1
733056,CTCCGCAAGCACAAGAAAAA,BRPF1
733077,GTGCATAGCTCATCACCTCA,BRPF1
68472,TGTCGTGGTCATAGTGGTAC,BRPF1
840692,GTCTACCTCGACAATCCGCT,BRPF3
840696,GAGTCCACCATACGGAAGCT,BRPF3
840714,CACCGAATGCAATAGTAACA,BRPF3
840732,GTCCAAGAAACCCTCATCCA,BRPF3
701902,CCAGCGCATCGGTCCTATGT,BRWD1
701909,GTTGCCGAAGAGATTGGACT,BRWD1
701916,CCTTATCGCCCGGTACCTAT,BRWD1
701931,CAGATTTGCAAAAGATGATC,BRWD1
930540,GATTCCGCGCCGCTTAGATT,BRWD3
930542,AGCTGTATTACCTGATCGCT,BRWD3
930546,CCTAATAATGTCTGTACCCC,BRWD3
930558,GCTTTTGCGGCTCTGCATAG,BRWD3
911751,AACATCCTGAAAACCTGCCG,CARM1
911788,GCAGTCCTTCATCATCACCC,CARM1
911768,TGAAGGACTGCTTGCCCACA,CARM1
911760,TGGGTGTGGCGAACTGGATG,CARM1
598156,CTCGACCGTCGAGTGGTAAA,CBX1
598157,CAGAAACTCAGCAATGAGGT,CBX1
598166,CTTTGCTCGAGGTTTGGAGC,CBX1
598190,ACATGAGACAGATAAATCAG,CBX1
835797,ACATAACAGCTGGGAGCCGG,CBX2
835800,GAGGTGCAGAACCGGAAGAG,CBX2
33541,AGCTGGAGTACCTGGTCAAG,CBX2
835847,GACATGGCAGTGAGCTTCCT,CBX2
777457,AGAAACGCTTCAATCAATTC,CBX3
777462,CTAGATCGACGTGTAGTGAA,CBX3
777463,TTTTCCACGACAAATTCTTC,CBX3
777472,TTTCTTAACTCTCAGAAAGC,CBX3
901807,ATATAACACGTGGGAACCGG,CBX4
901813,GACATTGGAACGACGGGCAA,CBX4
901832,CTGATGGGATATCGGAAGAG,CBX4
901824,CTTGGCACGGTTGTCAGTGG,CBX4
732144,CAGAGCAATGATATCGCTCG,CBX5
732148,GCGCGTGGTTAAGGGACAAG,CBX5
732156,GGGTGAAAATAATAAACCCA,CBX5
732154,AGAACTGTCAGCTGTCCGCT,CBX5
832381,TCTTCCTATACCCCGATGCT,CBX7
832383,AGAGAGGTCCGAAACCCAAG,CBX7
832386,GGGTCCAAGATGTGCTCTTC,CBX7
832392,AAGTCGAGTATCTGGTGAAG,CBX7
1043047,GGAATACCTCGTGAAATGGA,CBX8
1043049,GTTTCGAAGTGACTCAGCCA,CBX8
1043037,GTACAGCACATGGGAACCGG,CBX8
1043039,GGCTTGGGTCCACGCTTTTT,CBX8
617681,ACGCAGCTTTGTCCGGTAAT,CCDC101
617704,ACATCCAGAAGACCCATGAG,CCDC101
617675,CGCGGAAATCAAGTCTCTGT,CCDC101
617695,TGCCGGTCTCTACAATGACT,CCDC101
769891,AAAGCCGGTCGGAGCTTTAT,CDYL
769912,TAACGGGGCTTTTAGGCACG,CDYL
967840,AATCACGAGTGCCTTAGGAG,CDYL
769899,CGTTAAGAGCAGGACCGCAG,CDYL
727919,GAGTATCTTATCCGATGGAA,CDYL2
727928,GCAAGGGGACCTCCCATAAA,CDYL2
727962,TAAACTCCTCACAGTGCAAG,CDYL2
727931,GGGACAGTTTCTCAACCGAC,CDYL2
885801,TCACCGAGAGTTTTCGCGAG,CECR2
669629,CCGACTCTGTGATTACCGGC,CECR2
669632,ATCTCCACCCGTGTGCGAAG,CECR2
669649,CACGTCATCTCTGTGAAGAG,CECR2
1020698,ACGCACAACATTGACGGCTT,CHAF1B
1020734,GCAGATCGCTTTTCAGGATG,CHAF1B
1020700,TCCACGATGGCTTTTCCATC,CHAF1B
1020712,TGTGCGTTTTTCTCCAACTG,CHAF1B
1054038,CATCAAGCCTCATCTAATAG,CHD1
1054037,ACCCAGAATCATCATCCGAC,CHD1
1054047,ATCGGAATCTTCACTGCTAG,CHD1
1054045,GCAAAACCACCGAAAGTTGA,CHD1
878289,CATTCTGACAATGGAAGCGC,CHD1L
878287,TCACCTACGCTCTTACCAGC,CHD1L
844657,GTCGCCTGCATATGTTACAC,CHD1L
844662,GATCAGGCTCCACAAAACTG,CHD1L
630453,CAGTGAATATGGAACCGGAC,CHD3
630462,GTTCTGAGCGAGATGAGTAC,CHD3
630465,GACAAAGCGGCGGAAAAAGG,CHD3
630464,TTGCGTTTTCGGGGTTTTCC,CHD3
943166,ATGCTCTTATGCCGGCAGCT,CHD4
186392,CGCTTGCTCTTAGGGATTTT,CHD4
186388,GAGGGCAGCGACTATACTCC,CHD4
186425,GAAGAGCAAATCCAAGCGGA,CHD4
647468,TGCTGACCCATAGGATTTAC,CHD7
647509,GAATGATGAGCAACACCCCT,CHD7
647471,CAGCAAATGCCAATAGACCA,CHD7
647506,AGTGAAGGTCTTGAAGGCCT,CHD7
974857,AGCGGCTCTAGTATCAACCC,CREBBP
974865,GCTGTCATTCGCCGAGAAAC,CREBBP
974869,GATGAGCTGATACCCAATGG,CREBBP
974860,CTGTCGGAGCTTCTACGAGG,CREBBP
1035758,CCTACTTATATCGAGTCCAG,CSTL1
1035768,GTCGTTGCTGGCATTGTTGT,CSTL1
1035772,CGTGTCATTCCTCTTGCATT,CSTL1
1035777,GAGCTGGAAATAGTTTATCC,CSTL1
868778,CGATAGCGAATCTCTAGCTT,CXXC1
868790,GCTATCGGCACAAGAAGTCA,CXXC1
868781,CTACTGCATCTGCCGCAAAC,CXXC1
868816,GGACAGCAAGTCCGAGAATG,CXXC1
896846,CGGGACATTCTAGAACTCGG,DMAP1
896844,AGAACATTGCTCCGTCCTTG,DMAP1
896848,CCGTACAGTGAAGGCCAAGT,DMAP1
896867,ACTGACTTTCAAGAGGCCCG,DMAP1
934686,GTGAATGGACGTCTAGAAAA,DNMT1
934692,ACGGTGCTCATGCTTACAAC,DNMT1
934703,TGAAGCCCGTAGAGTGGGAA,DNMT1
934719,AGCATGAGCACCGTTCTCCA,DNMT1
841079,AGAGTCGCGAGCTTGATCTT,DNMT3B
841081,AGACTCGATCCTCGTCAACG,DNMT3B
841085,TGCGGATAGCCTCCAGGATT,DNMT3B
841087,AAGCTCGCGACTCTCCAAGA,DNMT3B
695192,CGTCATCGTCGTACAGGAAG,DNMT3L
695212,AGCATGGACGTGATTTTGGT,DNMT3L
695220,ATGCTACTGCTTCGAGTGTG,DNMT3L
695207,CTCTCAAGCTCCGTTTCACC,DNMT3L
1001411,CGTAGTTGTTGAGCTTCTCG,DOT1L
1001409,CCCGGATCTCAAGCTCGCTA,DOT1L
1001430,GATATGGCGCAGGAGTCCAG,DOT1L
1001438,GTTCAGCTTCATGGGCTGCG,DOT1L
901112,GGGTACGTGTAAATCTGTCC,DPF1
915954,GTTTCCGCATGACCTCGAGG,DPF1
915969,TCTACTGTGTGCAGAGACGG,DPF1
496527,CCCGCTGTTGGAGGAAGAAA,DPF1
1064719,GAAAGTCGTGGATCCTCAGG,DPF2
1064716,GTAGGAGTACAGCTGTCCGG,DPF2
1064728,ACAATTGCTCTGGGCTACTC,DPF2
1064722,CTTTGTAGTACTGCTCCCCA,DPF2
847625,GCTCGGGGACCAGTTCTACA,DPF3
847622,ACAGCCGTGAGTTGTAACTC,DPF3
847639,CGCAGTTTTGGATCTTCAGG,DPF3
847635,GGTATGTATACAGCTGGCCC,DPF3
750860,GTGAGACCGTACTCAGAGTG,DPY30
750864,GAAGATCGAAACTGACTTAA,DPY30
750874,GCTAGAAATTCAATGGGATT,DPY30
750887,CCATGATCATTCCCTCTTTT,DPY30
883940,GGCGTGTTTGTAGGTGTATC,EED
883944,GACGCTGTCAGTATAGAAAG,EED
883958,TTCTCGTCTCCAGAGAGGTC,EED
883961,ACAAACACGCCAAATGCACC,EED
598461,TAACTCGGATAGCGGAAAAT,EHMT1
598471,CGGATACATCTTAAATAAGC,EHMT1
598474,CAAAGTCGTCGGCAGTGACG,EHMT1
598484,ACACCTATGGCTGCCGATGA,EHMT1
872299,ATGAGTGGTGTAGCCCCTAC,EHMT2
872307,GGCAGGGTTTCTTCACTACG,EHMT2
872340,CTGAGAATCTTGAGGGAGAT,EHMT2
872322,ATTGACATCTTGGCCCGGCT,EHMT2
601677,GTAGTGTTGCCGCGAGTACT,ELP4
601686,GCAACGTCACCAGTTTCCAG,ELP4
601678,TGTCAATGGGCATACTTTGT,ELP4
601688,GGACAGCTGCTGGTATCAAC,ELP4
708387,TATGGTTATACCGGTCCCAG,EPC1
708406,GCGGGCTATTTCAGCACAGC,EPC1
918493,GACCACTGCCTTTTTCTAGG,EPC1
1006131,CGCTTCTCTTGTTTTACTGA,EPC1
1031454,TGCGACTTCGACAACTTAAA,EZH1
1031460,ATATGTTGGCTTGCAAATCC,EZH1
1031466,ACAGGCTTCATTGACTGAAC,EZH1
1031486,AGTGATACATTTGGAGGTAG,EZH1
687105,TGCGACTGAGACAGCTCAAG,EZH2
687097,ACACGCTTCCGCCAACAAAC,EZH2
687101,CGGAAATCTTAAACCAAGAA,EZH2
687115,TTATGATGGGAAAGTACACG,EZH2
622106,TTCGGGCACATCGCTGAGTG,FBXL19
1023575,GGTATGAAAGTCCCCGGAAA,FBXL19
622109,ATGCAGATACACAGCTCCCG,FBXL19
440325,CCCCGAACTTCTTCATGTCT,FBXL19
722307,AGGATCTCTCTCGAGACCAG,FBXO44
806304,TGGTACTTGGACCCGCAATC,FBXO44
722309,CAGTGATGAAGCCCTCTCGC,FBXO44
722313,ATGTGAATGGAGGCGATGAG,FBXO44
937258,TTTTGGCGGACTGAGAACGC,FBXW9
937261,GCTCGAGATCTGCTCCTACC,FBXW9
937259,CTCACTTACGGCCGAAACCC,FBXW9
937265,TCGTGTCTGACCATGTCACC,FBXW9
782302,GTCCCATCAAATCGCGCAAA,FKBP2
782310,CAAAAGGAAGCTGCAGATCG,FKBP2
782307,TGGACAGTACTGTCAGGACC,FKBP2
782328,GAAGACAAAGGGCTGGTTCT,FKBP2
911622,GTTGCATTCGAGGGAATTTT,FKBP5
911618,GCCGAGCCATATGCATATTC,FKBP5
911614,GGTGAGGAAACGCCGATGAT,FKBP5
911674,TCATCAAGGCATGGGACATT,FKBP5
838470,GTCAGATTCCCACCTCCTGT,FMR1
838450,GCACATCCAGCTTGATCTTA,FMR1
464675,TTAGCTAACCACCAACAGCA,FMR1
464709,AGCTAAAGTGAGGATGATAA,FMR1
970796,GGTAGCCGGACATCCCCAAA,FXR2
970812,TCCTTATTATAGTCAGCTGG,FXR2
970802,TTATTCTCGAGCCAATGAAC,FXR2
970800,TAACTGGCCGAAGTCGCTCC,FXR2
782685,TGATAACTTCGTTTACATCG,G2E3
782694,CGAAGTTATCATTTCCCATG,G2E3
782699,GATGACTGTCCTAATAAATA,G2E3
782703,TGCTGTGTTTGCAAGAAAAA,G2E3
1049628,GGCACAACACCACGTTATCG,GADD45A
958203,AGTCAGCGCACGATCACTGT,GADD45A
958200,AAGTCGCTACATGGATCAAT,GADD45A
958213,GTTGAACTCACTCAGCCCCT,GADD45A
906933,CATCAACATCGTGCGGGTGT,GADD45B
906968,GATGTCGTTGTCACAGCAGA,GADD45B
906946,GAGCGTGAAGTGGATTTGCA,GADD45B
906936,CCTCCTCGTCAATGGCCAAG,GADD45B
840227,GAATCGACGTAATTCCAGTG,GLYR1
840222,CGCAAACTTAGCCTGTCTGA,GLYR1
840218,CGACAGCATCTACCGCTTGC,GLYR1
840219,ATGCTGTCGAAGAGTTCCTC,GLYR1
728740,CCACTAAAATCGCATCTGGA,GTF2B
728731,TGAGAATCTCCAACTCGAGA,GTF2B
728734,GATATGATCTGTCCTGAATG,GTF2B
728760,GCAATTCTAAGTACCAGAAT,GTF2B
794901,TAGTTGTGTCCCCTGCATGT,GTF2H1
794916,TTCCTTCTGGACTAATTTTC,GTF2H1
794920,TTTCACTGCTGTGCTTTCAT,GTF2H1
794929,GGATGGAGCTCTGTACCTCA,GTF2H1
917621,CACCGCATACTGCAGCTTCA,GTF3C4
917619,CATTCCGCCTCATGGTGACT,GTF3C4
917618,TGCGGTGGATAACCAGGTCC,GTF3C4
917626,TTGAGGAGACAGCTGTTGAG,GTF3C4
810306,GACTGGTCGTCCTAGATTTT,H2AFZ
810321,GTCGATGAATACGGCCCACT,H2AFZ
810324,GACGACCAGTCATGGACGTG,H2AFZ
541956,GGTAAGGCTGGAAAGGACTC,H2AFZ
945328,CAACACGGAACATTGTTGAC,HAT1
1017534,GTATGAAGTAAGGTTCCGAA,HAT1
1017531,AACTGCTAGCTTTATTGACG,HAT1
945332,GAGTATACCCATCAACTCTT,HAT1
755278,CGAACTGCACGTGTACAACA,HCFC1
755284,GCCTATGGCTTCGTGTGTGA,HCFC1
755288,GAGCTCATCGTGGTGTTTGG,HCFC1
755290,AAAGCAAAGACGCCCAAAAA,HCFC1
1087187,ACTCCGACATGTTATCTGGA,HDAC1
1087200,GCAGCAAATTATGAGTCATG,HDAC1
1087205,AGTAGTAACAGACTTTCCTC,HDAC1
408411,CTATGGTCTCTACCGAAAAA,HDAC1
747900,GACCGCGCTTGTGTACCATG,HDAC10
747901,GTAGATGGCGTCGAACTGTC,HDAC10
747911,AGAGTATGTATCCCTGGTCA,HDAC10
747915,TCACTGGAGCTGTGCAAAAT,HDAC10
814122,ACGATTGGCCAGCGTGTCTC,HDAC11
814138,GCGCTACAACATCACCTTCA,HDAC11
814132,GCCCCATTTTCCGGCATCAA,HDAC11
814171,TGGCACATGCTGGTACAGCT,HDAC11
982661,TATTTCTACGACCCCGACGT,HDAC3
982666,AGTCAATGTAGTCCTCGGAG,HDAC3
982679,GGTGAAGCCTTGCATATTGG,HDAC3
982674,CATAGCCTGGTCCTGCATTA,HDAC3
993159,GCAGGATTCAGCAGCTCCAC,HDAC4
993160,GCCTCTGGAACTCAGCGATG,HDAC4
993162,GCAGTGAGAACTGGTGGTCC,HDAC4
290204,CAGCTCCTGCTGGTGCTTCA,HDAC4
938592,AGTCCGCGGCAGGATTTCCA,HDAC5
938609,AACAGCATGACCACCTGACA,HDAC5
938605,GTTTCTGGAACTCAGCGAAC,HDAC5
938599,AGAGCCATGCCCAGTTCCAT,HDAC5
967695,CCGCTCTATCCCCAATCTAG,HDAC6
967698,ACCTAATCGTGGGACTGCAA,HDAC6
967703,GAAAGGACACGCAGCGATCT,HDAC6
967704,TGAGCGGCTCCATGCCATCA,HDAC6
914444,CGTGGTCAAGCAGAAGCTAG,HDAC7
914448,GGGATGGACTGTTCTTTCTA,HDAC7
914457,TTCGCTTGCTCTTGTCCTTG,HDAC7
914466,AAAAGCTGCTGAGCATGGAG,HDAC7
620730,GAACTTGACACGGCAGCACC,HDAC9
620738,CCATCTCACCTTTAGACCTA,HDAC9
620733,CCGTGAGAAGCAATTGCAGC,HDAC9
708574,ACGAAAGACACTCCAACTAA,HDAC9
943393,AGCCGGAAGCCTTGACAGTA,HDGF
943420,CTTCCCTTACGAGGAATCCA,HDGF
943415,CTCGTAAGGGAAGAGGTCTT,HDGF
943441,GTTGATTTCACGGCAGCCTC,HDGF
750810,GGAAATCGAGAACAACCCCA,HDGFL1
750822,GTTCCCGTACAAGGAGTGCA,HDGFL1
750814,TTGTACGGGAACAGGCGTTT,HDGFL1
750833,GGCATGCCCATGTACAAGAG,HDGFL1
715265,AGTACGGGAAGCCCAACAAG,HDGFRP2
715248,TTAGCGAACACCAAGTCCCC,HDGFRP2
715250,TCGTAGGGGAACAGGTCCTT,HDGFRP2
715275,TTGGTGTTCGCTAAGATGAA,HDGFRP2
761417,ATAGGATACTTGTTTGCTGG,HDGFRP3
556557,TACTGCAGATGCAAGCAGTG,HDGFRP3
556581,GGAAAGTCAAACAAACGGAA,HDGFRP3
556591,CAGAGCTCTTCAGAAACTGA,HDGFRP3
633986,CGTCGTTTTGGTCGACCAGT,HELLS
631573,ACGACTACTTCTCGTTTAGG,HELLS
789430,GACCATTACACTTCCGGACT,HELLS
741634,TACCCCGGCCATGCTAGAAG,HELLS
1082241,GGAAGCTATAACTGCGCAAC,HIF1AN
1082269,CTTTAAGCCGAGGTCCAACA,HIF1AN
1082260,TTTGTGTCGGTCAGCACCAC,HIF1AN
1082265,TCAATAAGCTCCTCTGCCCG,HIF1AN
917750,TTGCGAACTTGGTCCCGTCA,HIRA
917751,TCTATCCTCCGGAATCATTC,HIRA
917757,CTTACCACTGGAGCCGAACA,HIRA
513076,TGTGTGCGGTGGTCAAACAG,HIRA
630736,GTTGGACTACGCTATTACAC,HLTF
630741,GTCTGCAAGTACTTCCAAAC,HLTF
630744,CATCTGGAGGGATAACATCT,HLTF
630738,AGGTGCTTTGGCCTATATCA,HLTF
994133,TCTCACGATGCCGTTCTCTG,HR
994128,CTCGAGATGGACTGCACCAT,HR
994139,AGTACGCCCAGCTTCCTGAA,HR
994155,CACTATGCTCAGGCATCAGG,HR
918454,ATCGTATCTGCTTGCCATGA,HSPBAP1
918452,AGCCGCAACGATCACAGGAG,HSPBAP1
918459,AGCAGATACGATTCAGAATG,HSPBAP1
918456,CACTCGAAGAGTTTCTGACC,HSPBAP1
983965,TTGAACGTCTTCGGGTCGCT,ING1
983967,CGTTCCGCAGGGGAATGATA,ING1
983983,AAATCGGCGATTCCCATAGG,ING1
983975,TGCGGAACGATTGGTCGCTG,ING1
606568,TGCTCGAATTGGTGGAAAAT,ING2
606571,AAGGTAGTCCTGCACGTAGC,ING2
606577,GCAGCAGCAACTGTACTCGT,ING2
174532,ACGTTCCTCTGCATGTCGTG,ING2
742327,CCGTTTTGAGGCTGATCTCA,ING4
799662,GCTGCTCGTGCTCGTTCCAA,ING4
742335,GGCACTACTCATATACTCAG,ING4
742329,GGACAAACACATTCGGCGGC,ING4
699266,GATCTGCTTCAAAGCGCGCC,ING5
699270,GAAGTTCCTCTGAAGTTCGC,ING5
699282,ATAGTGCTCCAAGTACATGG,ING5
699276,GAACGCCTACAGCAAGTGCA,ING5
843261,GTCGCAGAAAATGGTCCAAC,INO80
843258,AATCCATTATTGCCCCAGTC,INO80
843274,TCTCCAAGTACTGAAGATAG,INO80
843268,GGATCCCTTAATACAAGTTA,INO80
733444,TGCTTGATGAATCTTTGGCT,INTS12
733427,CTTTTGAGATGGACGGTAAC,INTS12
733461,CAAGGTCCTCACAACTGAAA,INTS12
733450,TTCTCCAATCTAGGTTTCTT,INTS12
1082132,GAATCCCGTTCATCCTGTAC,IWS1
1082133,CAACACTCCGGATCAGACAC,IWS1
1082136,GAACGGGATTCAGGGTCAGA,IWS1
1082138,ATGGACTCGGAATATTACAG,IWS1
687440,GCCAACACATAGTACTCATC,JADE1
687436,CTCATCCGGATTCAGCTGGT,JADE1
687453,GCAGGAGCTTCTCCTATGCT,JADE1
687463,GATGACACGATGTACTTCTT,JADE1
727059,AGACCCATGGCGACAGGAAT,JADE2
727052,GGCTTCTTTTCGTTCTGTCG,JADE2
727074,CAGTTTGGAGCATCTTGATG,JADE2
120535,GCCAGGATGTAGTAGTCATC,JADE2
1040370,AGTGAATATACTTCCGGGGT,JADE3
1040378,TCCATGATGTTGATGTAGCC,JADE3
1040385,GATTATAGCTGAGAAGGTAA,JADE3
1040376,CTGTGGAACGGTGTCTGGAC,JADE3
1056497,ATCGGTCGGCTCAGGACTTA,JARID2
613704,GATTCCGTGGTCAGAAGAAC,JARID2
1056503,ATCGCTGTGCTTCTCCTTTG,JARID2
613711,ACTAACATCGTTGCTAGTGG,JARID2
1062911,TTGGCATTACATCACGACGC,JMJD1C
1062919,ATCCGTCCAAATAAGAGGAA,JMJD1C
206275,ATTCATAACGATCATGGTGC,JMJD1C
206283,ACAGAATGTCGATCCTTCTA,JMJD1C
702909,TTGCGCATTCAACAAAACCA,JMJD6
702918,GGACTCTGGAGCGCCTAAAA,JMJD6
227673,AGCTCTCGTAGTAGTTGTGC,JMJD6
227704,GGATGCGCTTCTTGCTCTTG,JMJD6
696957,ACACCATATCCGGTTCAAAC,KANSL1
696987,GGAGTCTTTGAAGTTGCAAG,KANSL1
696985,GAACTCCGAGCTGAGCTGTT,KANSL1
146051,CGTTATTTTCGGCACTGCCA,KANSL1
676261,TTCTCAAGCTTCTTGGCGCG,KAT2A
676273,TTTCCAGCCATTACACTTAC,KAT2A
676266,GACTTGCGCCTTCCTCTGAC,KAT2A
676271,TGAGAAGCTAGGGGTCTTCT,KAT2A
645910,GCGCTTTCTTCACGGCGATT,KAT2B
645926,GACAATTATTTGCTGCAGGT,KAT2B
645940,TTCTCCAGTTTCTTGGCCCG,KAT2B
645935,GAGGAGTCTTGTAAATGTAA,KAT2B
894038,TAACTGATGAAAAGCGCCCA,KAT6B
894053,GTTGTCTGGGTCCTTATAGG,KAT6B
894056,ATGCGGTCAGTACTTCCCAT,KAT6B
894048,GTTTATTCCAATCCACATTG,KAT6B
1015711,GATGAACGAGTCTGCCGAAG,KAT7
1015708,TCACCGCCTCGAACTCCAAC,KAT7
1015712,CTGACTACGGGTCACTCTTC,KAT7
280541,CTCGAGATCTGTAGAAAAAT,KAT7
1059903,AAAATGGCTACACCTCCCGA,KDM1B
1059922,GCCATGAAAGCTTTGGGACT,KDM1B
1059927,TACCGGAGCTCCTCAAAGGA,KDM1B
350773,ATGTGAAAAGGCAGGCTGTA,KDM1B
967844,GTACTATAGGAACTCCAGTG,KDM2A
967842,CGTCTGGCTCCTGACACAAT,KDM2A
967851,CTCCACGGTTAACACCTGTG,KDM2A
967855,TAAATTCCCCACTCGGCCAA,KDM2A
726253,TCGTATCGCTGGCGGTCAAT,KDM2B
726245,CCAGCGATACGACGAGAACG,KDM2B
726247,TCTCGTAGTAACGCACAAAC,KDM2B
515657,ACGTCTCGGACTGTGAAATC,KDM2B
989925,CAGATCCTTCTTGGTAACGT,KDM3A
989933,TTTCTGAACGAATTGTACAG,KDM3A
72786,GGTGTGGGAAACAGCTCGAA,KDM3A
72803,TGCTCACGCTCGGAGAAAGT,KDM3A
710472,TTCAAACTCACTATAGCGTG,KDM4A
710476,TATCGCTATTGGCTATCTTG,KDM4A
710507,CCATTCAACAGCTGGTGACG,KDM4A
383747,TTGAATCCCAAGGAGCTCAT,KDM4A
1082795,ATGTCATCATACGTCTGCCG,KDM4B
1082798,GTATGATGACATCGACGACG,KDM4B
1082808,GGATATTGTACTGCGTGAAG,KDM4B
1082801,CGTGGCCTACATAGAGTCGC,KDM4B
605302,GCGATACTCCCCCACAGTCA,KDM4D
605312,GATATTATCATAGGTCTCTC,KDM4D
605308,TCTTCGAAATTCTGGTGTGG,KDM4D
605322,ATTTGGATTCTGGGCACAGT,KDM4D
809353,TCAGCTTTATCGGCCGCATC,KDM5A
809362,CTCCCAACTCGGCTCAAAGA,KDM5A
809359,CGGCCGAATTTTGCAGATGC,KDM5A
809368,TCATTCAGGCGCTGGACTCT,KDM5A
607782,ATGCCAGTCTGCTCGGCTAT,KDM5B
607793,ACTCCCAGTACTTTGCAATC,KDM5B
607812,TGAAAATTCCACATGTGGAG,KDM5B
258501,TCTTGTGGATGAAAGCGAAG,KDM5B
1013319,TTCGTAGTGGGAGCGTAGCA,KDM5C
935387,ATGCCCGATTTCTCTGCGAT,KDM5C
1013334,TGGTGGATAGTTGAGGCGCT,KDM5C
1013326,CACACGTCCATTTGATAATG,KDM5C
594355,GATTTACTCCTCGCGTCCAA,KDM5D
1066350,CACACACCCGTTTGACAATG,KDM5D
594383,GATGCCAGACTTCTCTGCTA,KDM5D
594368,GCTGAATTCCAAGACCCGCT,KDM5D
880324,GAAATCTCACGAACCCAAAG,KDM6A
880321,GATTTCATGAAGATGGCGCC,KDM6A
551610,TTCCTCATCACCGAAAGCGG,KDM6A
551619,ACTGTAAACTGTAGTACCTC,KDM6A
1022796,AGTGCGATATCTGCAAGGAC,KDM7A
1022807,TATCGCACTCGATCATGAAG,KDM7A
1022809,GGTTCCAAACCAGTGCAAGC,KDM7A
1022811,CACAGTTGGGACAGTGATAC,KDM7A
931172,ACGTAGACAAAGACTGGCGC,KDM8
931175,GGTCTTCTTTACTGTGCGGC,KDM8
931177,GGTGATCCTGGACTACTCCT,KDM8
931179,AGAAGCTCAACACGGGCACA,KDM8
877730,GCGATCTGTGTCTGAGGAAT,KMT2C
877739,GACACAGATCGCTGAAGAGT,KMT2C
877745,GCAGTTTTCCCCCTACTTCG,KMT2C
877772,CAAAGAACAATCTGCAGAAG,KMT2C
1024218,AGTTGCCATTTGATTGGCCC,KMT2D
1024228,AATCTGTGATAGGTCCTCAC,KMT2D
1024276,CAGAGACCTCTCCCACATGT,KMT2D
358577,CGTTGTGCTCTCTGTAACTG,KMT2D
595607,GCGGCTTATACTCGCTTATC,L3MBTL1
595610,GACCGAATACGAAGATGGCG,L3MBTL1
595617,TACGGGTCCTTGACCCATCT,L3MBTL1
595613,GTATAAGCCGCTGAACATGG,L3MBTL1
1014916,CGGAGTTATAACAGCAGTGT,L3MBTL2
1014921,GTGTGGTATCGTGGGTACAA,L3MBTL2
1014928,TTCACTTGACTCCTCCAGAT,L3MBTL2
1014926,CTGTAACCTAGCCAAGATAC,L3MBTL2
752134,GATCGGCGGGCACTTTTAGG,LBR
752142,CTTCCTTAATGTCGGCCTGG,LBR
752156,CCATCGGCAAATTTCCTACT,LBR
752175,GCCGATGGTGAAGTGGTAAG,LBR
689104,ATCCACCCAGCGTTGTAGAC,MARCH5
689114,GTGCAGAGGATCTACAAAAT,MARCH5
689107,AGATCCAAGACGTAAACCAC,MARCH5
689125,GCTGCAGCAGGAATAATGGT,MARCH5
625353,CGCGAAGTCTTTCGCAAGTC,MBD1
625365,AACCTGACGTTTCCGAGTCT,MBD1
625383,ACCCTCTTCGACTTCAAACA,MBD1
625391,GTTGAGCTGACTCGATACCT,MBD1
999345,TGGTTGGTAATCTTGGTCAC,MBD3
999352,TCATCAGCATCTTGCCCGTG,MBD3
1053438,CAGCAATGTCGAAGGCGTTC,MBD3
477840,TCGCTCTTGACCTTGTTGCT,MBD3
1020304,GCGGCTAGCTTAGCAACTAA,MBTD1
1020302,CGGTTATGATAGCTGCAGTG,MBTD1
1020312,TTGATAATCGGGAGATTAGA,MBTD1
1020328,TTACTCGTCAAACTCCAAGA,MBTD1
744263,TATCCGGCGCCATAGTTTCA,MECOM
922875,GTAGTTGCAGACATTGCGCC,MECOM
922876,GCTTCCAACATCTGGTTGAC,MECOM
922871,CTCAAGTACATTAGATTCGC,MECOM
874939,GATGATGGAGCGCCGCTGTT,MECP2
874943,GGTCATCATACATGGGTCCC,MECP2
874944,GGACACGGAAGCTTAAGCAA,MECP2
874946,CATCATACTTCCCAGCAGAG,MECP2
707590,AACGTTAGACACCAGGCATC,MLLT10
671240,GGCATTGTTCAAGTACCCAC,MLLT10
482340,TGCCCGTCGCAATAAACCAG,MLLT10
482328,CGAGGTCTCCCATAGTATGA,MLLT10
955962,CACGTTGGCAAATTGCACCT,MLLT6
955975,CTGTTACATCTGCGAGGAGC,MLLT6
955957,TGGCATCGTTCAGGTGCCAA,MLLT6
423816,CTGCGTATGTTCGGACGAGA,MLLT6
651717,ATCCTGGACATGAAGACCGA,MPHOSPH8
651735,GATAATGACGCAGCCGCGAG,MPHOSPH8
651727,AAGTTCTTTACAAAGTTCGC,MPHOSPH8
651731,ACAGTCCTCCAGGTGAATCT,MPHOSPH8
680580,GGAACATTCATCCGCGAGAA,MSH6
1065222,GCATCAAAATCGGGGTGATC,MSH6
680593,GGGTGGTTGTAAACCAGACA,MSH6
997815,CGCCTAGATCCTTGTGTCTT,MSH6
785981,CTGTAATCTACGATTTTCAT,MSL3
785988,TTTAAGACAGAGTCCACACC,MSL3
785997,CATCTTTTTCTTCAGTGGGG,MSL3
834414,CTTGTGGCACTTTCCTTAAT,MSL3
983739,ATACCTGATCCGGAGAATCG,MTA1
983748,AGTCTGCTATAAGGCCGGAC,MTA1
983761,TAAAGCACCAGCTGCGGCAT,MTA1
203449,TCCGACCCTGTACATGTTGG,MTA1
946883,GCAACCCATACCTAATAAGA,MTA3
946882,TGCGAGCATTATAAGTGTGT,MTA3
881253,GGATCCAAATAGCCCACTTA,MTA3
881252,TTGCGGGCAGAGATTCATAC,MTA3
675281,AAAGCCGATGTATCTTCTAC,NCOA3
675283,CGTCTCGATTCACCACAAAT,NCOA3
675289,TTTCGTGAATCACTGGCCAG,NCOA3
675306,CCATGTGATACTCCAGGACA,NCOA3
1070702,CGGTGTTTCTGCTCCACAGG,NCOR1
823861,GTATACTGGACAGAGTGAGG,NCOR1
1070740,TGGTTGCCCCGAAATTGGAG,NCOR1
1070738,GGAAGAGTTAATACAGAGTA,NCOR1
651523,ATGCAGTTATCGACTGTCAG,NSD1
651544,TGTAGGACCACCAGGACTCA,NSD1
535958,ACTGCGGAGACTACAGGATT,NSD1
535974,TGCATAGTACACCCATTAAG,NSD1
927516,GTGCAGTTTTCGATCCAACA,ORC1
927519,GCCTGTAAACGGCATTTGTT,ORC1
927526,CGAGCACGTTTCTTAGGAGG,ORC1
927523,ACCGAGATTCACATCCAGAT,ORC1
849382,CAGTGAGGTAAAGCACGCTG,PADI1
849373,CATCAGTGTCTAGCGGCCAA,PADI1
849380,TGCAGACATGGTCGTATCTG,PADI1
849400,ATTTCCCTTGAGGTTGACAC,PADI1
702818,TTCCTCGTCATAGTAGTTGA,PADI2
702843,GTAGACATCGGTCCAGAGGT,PADI2
702835,GAAGCACTCGGAACACGTGT,PADI2
462467,AACCTTCAGCCTGAAGCACT,PADI2
780343,GATTGCGACCTGAACTGTGA,PADI3
780341,CGCGACTTTGGAGATCATCG,PADI3
780345,GAGATGTAGATGTCCACGCC,PADI3
780347,GCTGTCGTTGAGGTCATTGC,PADI3
907178,GTGGTCGTGGATATTGCCCA,PADI4
907175,GCTTTGACTGGTGGAGTCTT,PADI4
907189,AGCTCTACTCTACCTCACCG,PADI4
907204,GGTGACCCTGACGATGAAAG,PADI4
1041850,ATCTTCACTGTGGCGTACGT,PADI6
1041867,CTTGATCGATGTGGCCAACA,PADI6
1041882,GATGATACTCTGGAAGGACA,PADI6
1041878,GTGAAGCACTGGCACTTCTG,PADI6
901063,GGTGATGAACTTGGGGTCGA,PAF1
901071,TGAGATCGATGGTGACCCCC,PAF1
901076,TACTCTGTCTTTCGCATCCA,PAF1
573690,GGCTATTGCAGTACTTGACT,PAF1
978659,AAGTACGTGCAAGGGGTGTA,PARP1
978664,ACCCTGACGTTGAGGTGGAT,PARP1
978690,GGGACTTTTCCATCAAACAT,PARP1
978694,GCACGTACTTCTGTTGGACT,PARP1
735850,TCTACGAGTTTTCTTGGCAG,PARP2
735873,CCAGAGTGTACAGCCAAGGT,PARP2
735902,GTTAAAGGGCAAAGCTCCTG,PARP2
735884,GGAGTCGAAAAAGATGCCTG,PARP2
850296,GAGGTCAAGTATTACGCGGT,PAXIP1
850298,GGGCTTTGGTTACGTTCTAT,PAXIP1
850309,ACGGACAGAATCACCCAAGA,PAXIP1
850305,GTGATTCTGTCCGTTCAGTG,PAXIP1
734610,TAATACCATCCGAGACTATA,PBRM1
734624,GGCCTGGTGTTGACACAGAA,PBRM1
734631,GGATGGTATTATAGAGTTCA,PBRM1
144779,CACCAGGCCCAAGCAGGAAA,PBRM1
848266,GCATGACCCGGTCCAGTTTG,PCGF1
848270,TTGCGATCGCGATGAGGCTT,PCGF1
848275,GCAGGACATCGTGTATAAGC,PCGF1
848289,TGTACAAGATGGACCCGCTA,PCGF1
1048484,CATCGACGCCACCACTATCG,PCGF2
1048485,ACGTGCAGGTCCATAAAACC,PCGF2
1048486,AACCTGCATCGTGCGCTACC,PCGF2
1048493,TTGTCTACAAATTGGTCCCT,PCGF2
665136,GATTGTGGATTAGCTCCGAG,PCMT1
665130,TCGCTAAGCACACTCGGAGC,PCMT1
739960,TACGTGCAAAACATGCAGTA,PCMT1
665156,TACATTTTGCATAGTGGGAG,PCMT1
903054,CAATGGGAGTTCTAGCTCAG,PHC1
903062,AAGTGACATTTGAGCTATCT,PHC1
903079,TAGCACAGATTGGGTCAAGG,PHC1
903066,CACAATTGCTGCCAGTCGGC,PHC1
731750,ACTTATAGGCAAAGTCCACC,PHC2
503865,ACCCTTCGATAACATGCGTC,PHC2
503873,CGAAGGGTTTGTGATCCAGG,PHC2
503968,AGCTCACACTTGAGTTTGAG,PHC2
953444,AGACCATCTACATCTCCCAC,PHC3
953449,ATGGATACTGAACCAAACCC,PHC3
953446,TAAGGACCATAGTACAGCTA,PHC3
953455,CAGCATCAAGTGCTGTTGTT,PHC3
985657,ACTGCGAATCATCCTCAAAC,PHF1
985673,GTCAAGATGTGCTGGCCAGA,PHF1
985663,ACTGATGGGCTGCTATACTT,PHF1
985664,TGTCTGTCGCTCTGAGACTG,PHF1
675122,GCGACGAGATTTGTCTCACA,PHF10
675129,CCCATTCGCCTCCTTTTGGA,PHF10
675151,TAATGACATTTAGCTCTCTC,PHF10
675175,TGGGTGTGACCTCCTTTAAA,PHF10
865998,TCATAAAAGAGGAGCCACCG,PHF11
866008,TTCAGGACTTGTGGAATGTG,PHF11
866000,CATTATATTCGACATCTTTG,PHF11
866003,TCTCTGATTGTGCAAAGTAT,PHF11
773195,GTGTACGACTTGGACACATC,PHF12
773193,AATGGACTGGTGGACAAATC,PHF12
773222,CGGTGACACATCCACTCTCC,PHF12
382397,CAAGTCGTACACGATCGTCT,PHF12
724360,TTGGCTCGCTGCAAGAGAGT,PHF13
724357,TACCATTGACAGCGACGGCT,PHF13
724362,TGGCTACATCCCTTATCCGA,PHF13
724381,TACCAGCAGTGCTGTTAGCA,PHF13
994554,TGAAGCGGGTAACGTCGTAG,PHF2
994564,AAGCGGACCTGGCACAAACA,PHF2
994561,GACGTCAAGCCCGTGCAGAA,PHF2
994583,TGAGCTGACTTCCTGGCACA,PHF2
1032335,AAGCATCCACCTAACAGACG,PHF20
1032354,GAAGACATTGACTACGAGGA,PHF20
1032359,GGAACCATCGTTATGATGAG,PHF20
1032338,TTCTCTAAAGGGCGTAAATA,PHF20
978578,ACTGGTTGCTCAAATGAAGC,PHF21A
978574,GGCTGTATTTGGAACTTGTC,PHF21A
320449,GGAGTTGCAGACTCTACAGG,PHF21A
320479,CTCACTCAAAGCTGTGATTT,PHF21A
776598,ATCGCCTTCATGGTAGCGCT,PHF21B
972022,GATCACTGCAGTGCCTGTCA,PHF21B
972020,CGGTGGCCTTCTGGAATGTT,PHF21B
385591,TCAAGAAGCAGCTCCACGAA,PHF21B
913057,GAAACGGCGGAGAACAATTG,PHF23
1063569,GACCGAAAGAACCGAAAGTT,PHF23
1063572,TTTCGGTCCTTCTTTCGAGG,PHF23
913061,CAAGCAAGGTAGCACTGTCG,PHF23
1017367,AGAAGGTGCAGCCGAAATAG,PHF3
1017366,TGGTGCTGCATTTGAACGCT,PHF3
363144,AGCGATAAGGATCCTATGCT,PHF3
363164,CCAGGTTGGATCCTAGAAAT,PHF3
1046515,TGCAGCAGACTGATGTTGGG,PHF5A
1046525,CATATGCGCACCAGAGTGCA,PHF5A
1046527,GTAACTATGGATCTTACCAG,PHF5A
1046532,CTCCCCAGATTGACAATCTT,PHF5A
608245,ATACGAGAGAAACCTTCACA,PHF6
608250,CCTACAAGACAGCGCAAATG,PHF6
608259,TCACAACCAATTGTTGCTCC,PHF6
608254,TATGGTGCGCTGCCACCTTC,PHF6
791734,TATCTAGTAAGCTGCCTCAG,PHF7
791719,TGGCTATGCCTTCGAGAACC,PHF7
791763,AGACTAGGAGGGTAACCCAG,PHF7
791724,TGGGGATCCCGAAAAATTAG,PHF7
691804,CACGGTCAGTTGATTTCCAG,PHF8
973408,CAGGTTCGTCGTGTCAAGAG,PHF8
691794,AAAACGCCGTGGATCTTCAA,PHF8
691802,GGAGCTCTCTGACGAACGTA,PHF8
920588,TGCAAGCATGTTGTGTGGAA,PHIP
920585,CTGCAAATATGTCATCGACT,PHIP
206798,ATCGCCCGGTTCCTGGAAGA,PHIP
206802,CATATTTGCAGCAAGTGATC,PHIP
638783,TCCGAGGATTCTGAAGACGA,PHRF1
638794,TCTCAACGCATTCAGAGACC,PHRF1
638796,AAGTAATGGGCACAGTTCTC,PHRF1
638815,GACGACAGTGACAGCGAGCA,PHRF1
1039706,CGCTCCTCCTATAGACCTAC,POLR2B
1039710,TGCTTCTTGCCACAAATCCG,POLR2B
1039707,CAAGCCTTTCTCGTCAAAAT,POLR2B
1039719,ATCTTTCCAAGCCTACCCAT,POLR2B
965407,ATTGTCAGCTCTCCGGGATA,PRDM1
965410,AACCTGGCTGCGTGTCAGAA,PRDM1
965414,CATTAAAGCCGTCAATGAAG,PRDM1
965416,AATACCACACAAGAAGTTCC,PRDM1
844743,GGACCCATCTACACTCTCGA,PRDM10
844762,GCTTCAGTGTGTCCGAAGCA,PRDM10
844776,CTGTCTATGTAGAGCACCAG,PRDM10
844760,TGTAGATGGGTCCGACCCTT,PRDM10
708847,GGAAGCTTTTGGGCACGATG,PRDM11
708830,ATTCATCCACGAAGTACTCC,PRDM11
1024343,GAGGTGGTCAAGGACACTAG,PRDM11
708834,CCATACTCCTGGTCTCGGAG,PRDM11
779287,TCCCGCCTTGATCCACGTCT,PRDM12
779304,GATGTCGGAGGTGATAACCT,PRDM12
779295,ATCAAGGCGGGAACCGAGAT,PRDM12
779294,ACGTCTTGGAGAAGATGCCG,PRDM12
919511,GCTATTGCAGACTTACCCGG,PRDM13
919528,GATGTCGAACCACTGAGCCA,PRDM13
919521,CAAGTACCTGTCAGACCGCA,PRDM13
402232,TGGAGTGGATAGGGTTAATC,PRDM13
600178,ACGTGGGGAATTGGGTACCA,PRDM14
600182,TACCAGGGCAGATCGTAGAG,PRDM14
600189,TAGTGTCCATAGGACGGGAA,PRDM14
600215,AGGTTGGAAGTCTTCCTCCA,PRDM14
910529,ATGTAGACAGGGGCCTCGTA,PRDM16
910534,AGCTCGAAGTCTGCTGGGAT,PRDM16
910556,GCGGCAAAGGAGACAGACTT,PRDM16
910545,TAATATGTATGAGCCCAACC,PRDM16
852256,GCCGCTTCTAATCGCTCGTC,PRDM2
852273,ATGATGAGTTGGAAGACGAG,PRDM2
852300,ATTAGAAGCGGCAGCTTGTG,PRDM2
852288,GGCTTCTCTTCGTCTTCTTT,PRDM2
913470,TAATGCTACCAATGGGTATT,PRDM4
913478,TTAGGGTGGATGTACTGTGG,PRDM4
913483,GGTTTGGAATTGCCACTGGG,PRDM4
913477,AATAACTGCTCTCCAGGTGA,PRDM4
894585,TTTTGGATGCTACCAACCCA,PRDM5
894580,CTGGCTTCGCTTCGTTCATG,PRDM5
894590,GAAAAGTTCGGACCCTTTGC,PRDM5
894635,GACTTCAGGGAGAACCTGTC,PRDM5
1077266,TTCTGTAATTCGGCCCTCAT,PRDM7
926814,CCTAGGTGTCCATTCTTCAT,PRDM7
1077275,TAGCCAGGAATATCCACTGT,PRDM7
926835,TCTCCTCTGAAGGCCATCCA,PRDM7
716019,AACTAGTAACTCCTCGTCTT,PRDM8
716031,GGTCCAATCGGCCAGAGATA,PRDM8
716027,GAACAGTACCGTATATCTTT,PRDM8
716033,GTCGCAGGTGGTGTAAACGC,PRDM8
1005768,CGGCACCTTCGGCAAAGTGA,PRKAA1
1005770,ATTCGGAGCCTTGATGTGGT,PRKAA1
1005783,TACATTCTGGGTGACACGCT,PRKAA1
1005780,CCCGTCGTGTTTCTGCTTCT,PRKAA1
956260,AAGATCGGACACTACGTGCT,PRKAA2
956261,ACTACATCTGTAAGCATGGA,PRKAA2
956256,AATCTGCTGAAAGAGCCGCC,PRKAA2
257552,GTAATGGAATATGTGTCTGG,PRKAA2
653998,TCGAACGTCGACTTCCACTC,PRKCD
654000,GTTCGATGCCCACATCTATG,PRKCD
654010,ATTGTTCTTCTTGCAGCGCT,PRKCD
654015,TTGAAGGCGATGCGCAGGAA,PRKCD
637923,ACATGGAGTTGCGGTAAGTG,PRMT1
637927,GAGGTGCCGGTTATGAAACA,PRMT1
637931,CCGGCACCTCTTCAAGGACA,PRMT1
507037,GATGTCATGTCCTCAGCGTT,PRMT1
619928,ACATTCCGGCAAACCATGTG,PRMT2
619930,GAAGAGTACTTCGGCAGCTA,PRMT2
619931,GGTATTTAGTTGTTCGTGGC,PRMT2
619946,GACAAACCACTGCAGATTGG,PRMT2
593499,ACTGTCTGCTGAAGCCGCAT,PRMT3
593504,GTACCCTTCTCATACCCCAA,PRMT3
593505,GTCATCTACTAGTGTCATTG,PRMT3
593503,TATGAGAAGGGTACTGACAC,PRMT3
857997,CGAGTGCTACTCGGACGTTT,PRMT6
857995,AGGCAAGACGGTACTGGACG,PRMT6
858012,AGTTCCGAAGGATACCCAGG,PRMT6
73685,AGTAGCACTCGTAGTACAGC,PRMT6
1045564,GTTTGACACAGAGCTGATCG,PRMT7
984041,CTCGATGGCATAGCAGAAGT,PRMT7
984038,AGTGCCAATGTCGAGAACCA,PRMT7
984034,CATTCCACCGAGGTGACTGT,PRMT7
666854,GGATCCACGATGTCCACTAG,PRMT8
666853,TAAAATAGGTGACCAGGGCG,PRMT8
666847,AGTCGTTGCGCTGTATCTGC,PRMT8
653063,GTCGAAGTAATAATCTCTCG,PRMT8
1061011,CTTCGAAGTAGGGAGGGTAC,PWWP2B
1061017,TCCCCTGTCAACGACAGCCA,PWWP2B
1061014,TGACAGGGGACTCATCGACC,PWWP2B
1061021,GATGCAGAGGTGATGCAGCT,PWWP2B
1066729,TGACGAAGGTAGTGGTTTAT,PYGO1
1066750,GGATAACCAGGGCCAAGATA,PYGO1
1066735,TGGTCAGAGTTTGGATTCGG,PYGO1
1066754,GATAGTGGACTGGATGGGTT,PYGO1
683318,GGTGATCCACCATGGGAGTT,PYGO2
683310,GCTCCGAAGTCATCTTCAAA,PYGO2
683326,TCCGTCAGATGTGAGTATGC,PYGO2
683329,GTTGCAGCCCCTCCATTCCT,PYGO2
789696,TCGCTGCACAGAGAAAGACT,RAG2
789691,CCAGCCACTTGCACATTCAA,RAG2
789699,CATCAATACATCATCCATGG,RAG2
789705,GGTTATGCTTTACATCCAGA,RAG2
701634,TAGGCGTGATGTTTCCTGCG,RAI1
701626,CATCACGCCTAGAGAATTAC,RAI1
701630,CTGCGGGTTATAATAGTCCT,RAI1
701623,CCTTACCCGAGCTATGAGGG,RAI1
675575,GTCAATTGAGTTTGCCCGGA,RBBP5
675553,TGACTCCGATTTGAACGTTG,RBBP5
675602,GGCATCTTTTGATAGGCGAG,RBBP5
935552,TTTCAGGCGACTGTGACCAG,RBBP5
719264,TACACCGTTTCTATATGACC,RBBP7
1013068,ACCCTTGTCACTGTCACAAT,RBBP7
290288,GGCCCAGTCTTACCGTTCAG,RBBP7
290247,GCCCTTCATTGGCTAGTGCT,RBBP7
601486,TAAGATCTATCCTAGCCGGG,RING1
601493,ATTGTCACAGCCCTACGGAG,RING1
601491,GATAAGCACTCGGTCTTGAT,RING1
601495,CCACGTTTTGCTGGCATTCT,RING1
785231,GGTCTTCCTACCAGCGAATG,RNF17
785217,CAACGCTACTACCCAATGGC,RNF17
785237,ACTGCTGATCAGCTAACTAC,RNF17
785228,ACAATCAGGGCATATAATTG,RNF17
645365,ACTAGTTTTTTCCGACAGGT,RNF2
645369,AATTCACTGTGTAGACTTCG,RNF2
645396,ATCATCACAGCCCTTAGAAG,RNF2
645411,GTCTGGCCTTAGTGATCTTT,RNF2
943253,TCGGTTGACAATCAATAGTG,RNF20
943275,AAACGTTATGATCTGGAGCA,RNF20
943313,GTTCTGGTTCAGGCACAACA,RNF20
943306,GTGGAAACAATTAAGCTAGG,RNF20
943720,ACCAGACGAATTGGCAGGTA,RNF217
943715,GGGCCAGCGAAATTGAGCAT,RNF217
943733,GCATGAAGGTGTTAACTGCA,RNF217
943732,GCTTGGTGCTGGAATCAATA,RNF217
785218,ATCGAGCCCATTCGTCTTGG,RNF40
785232,GCGATTGACGATGAGGAGTG,RNF40
785229,ACGACTCAGCTTCTTTTCCG,RNF40
785226,CCGAGAACGAATTGAGAAGT,RNF40
759272,TGTACACAAGATGGTGGCCT,RPA3
759266,GATGAATTGAGCTAGCATGC,RPA3
759284,ACAAGCCTGTCTGCTTCGTA,RPA3
759303,GATGGCTATCTTCTTTAAAC,RPA3
806943,TGGACCGCCTAGAAAACATG,RPH3A
806948,GTGAACCGCTGCATACTGTG,RPH3A
806951,GTTGGATGTACCCCAGTGAC,RPH3A
806968,ACAGTCCTCACATACTACAC,RPH3A
617561,GGAGCAGACTACGGCGAAGT,RSF1
617570,GTTTAACAGTACCTGGGCAT,RSF1
617580,AACTCAGGCAGGTCTAGCAG,RSF1
617594,ATCTGTTACTGCAGACAGAT,RSF1
664569,GCAATGCCATTTCGATCAGC,SATB1
664575,CGCCATTGAATATGATTGCA,SATB1
517581,GGGAGTGCCTTTAAAACACT,SATB1
517640,ATTTGAACGAGGCAACTCAG,SATB1
664601,ATCTTGAACTCGTTGCTTGG,SCMH1
993651,TTCACATCGGAGGCAGGATA,SCMH1
993642,GCGTAAACCAGGAAAGAAGC,SCMH1
993637,CTGTCTTGGAACATCAACCA,SCMH1
974017,GCTACGGTTATTGGAATTAC,SCML2
974019,ATACTGAAGTGGCATTGCGA,SCML2
974007,AGGTTACGGTTACGACTGGA,SCML2
974042,CCCCAGACATACAACCTGTT,SCML2
1084455,CCTCTTGCAGTACAGCGAGG,SCML4
1084466,TTTCTGAAGAGCTCCACGTG,SCML4
1084482,CATCCTGCGCATCCTGAGAA,SCML4
1084490,GCCTCCACCTTTAACCACAG,SCML4
1032105,CTTCGACAATTTCCACCGGG,SETD1B
1032129,GGAAATTGTCGAAGATCCCC,SETD1B
291758,GATTGACCCGGCTCTGAAAA,SETD1B
291738,ATAAACTGTACCGCTACGAT,SETD1B
698550,GACGATGACGGATTACCGCA,SETD7
698564,CACGGAGAAAAGAACGGACG,SETD7
698563,CATCCACATAATACCCCTCC,SETD7
698560,GGATAGCGACGACGAGATGG,SETD7
635885,GCATTTGTTCGGGCTCATGT,SETD8
635873,ACTGAGTTCTCTTCCTGAAG,SETD8
635888,GAAATGCTGGGAACGCAGTA,SETD8
635918,AAGATCAAAGACGCCAGGAA,SETD8
663445,CCGGTATTGTAGTCCCAGCT,SETDB1
663449,ACTTCGGCATTTCATCGATG,SETDB1
663448,ATACCGGGACAGTAGCTCTG,SETDB1
663464,CCAAACCAATGCACCCAGGA,SETDB1
681394,GGAGTTTTCACATGATGTAG,SETDB2
681422,TCCTATGCCTGTGACTCAGA,SETDB2
681438,TGGATGGAGCTAGAAGATGA,SETDB2
681382,CATTCACTAGAATCATTGCT,SETDB2
998572,GGTCCACAGCAGTTCCCTAT,SFMBT1
998581,GTGGACACACGTTTGCAAAA,SFMBT1
998583,TACCTCTTCCATACCAGAGC,SFMBT1
998575,TTGCTCCTTCTCCGCTATGA,SFMBT1
667031,GACTACGTCACACCAGAAGT,SFMBT2
667026,GAACAACCCGGACACGTACT,SFMBT2
667028,CCACGATCATTACCACGTGC,SFMBT2
667030,TTCTGCGCTACTGCGGTTAC,SFMBT2
657853,GCTTCATTGGAATATGCATG,SHPRH
657855,GAAACGTGCTCCTCCAGTGA,SHPRH
657870,TGGCTCACAGAGATAAGAAG,SHPRH
657880,AGAGGTATCTGAACCTGGGC,SHPRH
796426,GCTATGAACTGCTGCTATAG,SIN3A
796422,TGCGCTATCTTATCTTGACC,SIN3A
796433,TTTGGATGACCAGGAGTCAC,SIN3A
796436,TGAGACCATGCAGTCAGCTA,SIN3A
925318,TAGGTTGTCATAGAGGCCGG,SIRT2
925323,GCGCATGAAGTAGTGACAGA,SIRT2
925317,AGCGTTCGCTCTGCATGTAC,SIRT2
925319,TCTGGGAGAATAAGTTCCGC,SIRT2
1036652,CGTTGGGCTTGTAGTTTCCA,SIRT3
1036651,TCTACACGCAGAACATCGAT,SIRT3
1036655,ATGAGCTTCAACCAGCTTTG,SIRT3
1036650,GGTACGGGAGATCGTACTGC,SIRT3
920268,GTCTGGTATCCCCGATTCGG,SIRT4
920276,CGTGCTCGAAAGCCTCCATT,SIRT4
920287,TACTGGGCGAGAAACTTCGT,SIRT4
920318,GAGACTCCTTGTGATGACTG,SIRT4
1009493,GTGCAGCTCATCGATGTTCT,SIRT5
790298,AACTTGGCCGAGCCATTTTC,SIRT5
790302,TCAATCGACTTGGGACAATC,SIRT5
790299,AGTGGTAGAACTCCCACACC,SIRT5
1072048,ATGTCGGTGAATTACGCGGC,SIRT6
1072054,AAAGGTGGTGTCGAACTTGG,SIRT6
1072057,GGTCTGGCAGTCTTCCAGTG,SIRT6
1072063,CTTCCTGGTCAGCCAGAACG,SIRT6
897012,CGCCACTATCGTGGTCATAG,SMARCA1
897014,TTCAAATCTCTTTGCTCGGT,SMARCA1
897019,GTTGGAGATTTCTGTGCTGA,SMARCA1
897017,TAAAGCGCCTAAATCTGAAA,SMARCA1
681974,CATCGAAGACGGCAATTTGG,SMARCA2
893046,GGATTCGTAATCATAAGTAC,SMARCA2
681982,GATAGCCGGCCTGCTGATAG,SMARCA2
681986,GGTGACAGTTTCTCAGCGGG,SMARCA2
832584,AGTTCGACAACGTGCGGCTG,SMARCC2
832594,ACTGTACAACCAGGCTAGAC,SMARCC2
198931,ATCACGCATGGACCGCAATG,SMARCC2
198945,GGCCTCGTAGTACTTCACGT,SMARCC2
593658,ATCAAACCATCATGCGGAAG,SMARCD3
593671,TGGACCTCTTGGCATTTGAG,SMARCD3
159040,GTCCATGTAAGCCTGGGACT,SMARCD3
159076,CTGACAAAATCCTCCCTCAA,SMARCD3
962058,TTTTGGAATCGTGATACCAG,SMARCE1
962072,GCGGCTTATCTGGTGGCTTT,SMARCE1
150507,TTGTAGGCGAGATGACTGTA,SMARCE1
150529,ATCTCGCCTACAACAACTAC,SMARCE1
895718,GTTCGGCCATCAAGAGATAT,SMYD1
895719,GTCTTCACCGCTGAGGGCAA,SMYD1
895724,TGGCCGAACATTCATTCTTG,SMYD1
895716,TGAGCGGGCTTATTCCGCAG,SMYD1
1054090,GTTAGTCTTACAGTCTCCGA,SMYD2
1054086,GACCGTGAGCACGTAGGCAT,SMYD2
1054087,TGGTGAAGCAGTACTCGCAG,SMYD2
1054103,GCAGGCATTTTACTGCAATG,SMYD2
1032607,CACTACAGTATTTGGCGACG,SMYD3
1032618,AACTCTGCCAAGAAGTCGAA,SMYD3
1032624,AAGCTTGGCCAGACCACAAG,SMYD3
1032634,ATCTGGGTTTGCAGCTTTTA,SMYD3
1062825,TTGTGACCTGAACAGACGTC,SMYD4
1062826,ACTGTGTCATGCTAACCGCT,SMYD4
1062834,TTACTTGGTGGGAAAGGACT,SMYD4
1062844,ACATTCAAGGCCTAACACTG,SMYD4
989452,GCTCACGAAACGGACTTCCA,SMYD5
989448,CATCTTCGTAGAACGGCCCC,SMYD5
288340,GACGTGTTCTCCTTCTGCGT,SMYD5
288359,TGTACTGCAGTGCAGAATGT,SMYD5
742326,TTGTGATGAGATCACGATCA,SP100
742343,AAGACCAGGGTGTAGATGAC,SP100
742333,TGCAAATCGTGGCTGTGTGC,SP100
769850,TCTTCTTCACTTTCTTGGAG,SP100
875016,GGTTAAAAGTCCTCTCCAGT,SP110
875009,CCAGATTGGGATATTCACGC,SP110
875011,TTGTGCACCACTCTGGATAC,SP110
875029,GTCTAGGAGGCCTTCAAAGA,SP110
749708,CGTAGAGGGTCAGAACCTGC,SP140
749706,ATACATCTGCTCGGAGATGA,SP140
749711,TTAAATCAGGATAGGCCATC,SP140
749720,GTATTGTGTACTCAGTGAAC,SP140
655475,TTGTGATGAGTTCCCGATCG,SP140L
655480,TTTGGAAGCACTGTTCAGCG,SP140L
655497,GGAAGACCAGGATGTAGATG,SP140L
655489,TGCAGACTTTGGCTGTGTGC,SP140L
800221,ATGGTGTCGGACGGCATGAC,SRCAP
800223,CCATGCCGAAATTGCAGAAC,SRCAP
800233,GATAAGCTGAACCCCTCCAG,SRCAP
800227,ATCTTGAGCTATGTGCTGCG,SRCAP
915714,CGTATTAGCAGTGTGATGGC,SUPT16H
915716,GATGCCATTGTTGTATCAGT,SUPT16H
915720,AGAGACTGTACAGCAATTGG,SUPT16H
915738,AAACAGATTGCCAACACTAA,SUPT16H
615259,GGTTCCTCTTAGAGATACCG,SUV39H1
615271,GATATCCACGCCATTTCACC,SUV39H1
615268,ACTCGACTTCAAAGTCATAG,SUV39H1
615264,GGATCTTCTTGTAATCGCAC,SUV39H1
1030079,TTCCTTGGCGGACATTCCAG,SUV420H1
1030072,AATCAAAATTACAGCACACG,SUV420H1
1030083,TGATGACCTAGCAACCAGTT,SUV420H1
1030089,AATGGTAACTCGGGATTTGA,SUV420H1
1029329,ACTGTGCGAGAACGACGACC,SUV420H2
1029334,TTCTCGTGCTGTCACTCTGT,SUV420H2
1029346,CGCTACTCCATGGAGACCAA,SUV420H2
1029337,AAGTTTCCAGCGCTGAGCGC,SUV420H2
1089649,CGAAGATACCAGCAGACGAT,TAF1
1089627,AGCGACGAAGATTCCGCTGG,TAF1
1089634,GGCGGCCCATTTTCTTTAGC,TAF1
1089640,TCGGCAACATCAATGGAGCC,TAF1
1085512,TGACGGAATTTGGTGTGGGA,TAF3
1085507,CATCCAAAATTGGGTCTGTT,TAF3
1085504,GTAGACTAACCCCCATCAGC,TAF3
432013,GTCGTTGTTGAGGGTCTCGG,TAF3
824690,TCGCAAGCAGAGTACAGATG,TCEA1
824683,AACTGACATTCCGATTCTTG,TCEA1
824699,CTGTTCTGCGATGTAATTGC,TCEA1
824701,GGTCCGCTTTGCCAAGAAGA,TCEA1
769993,ACAAGTACGAGTCAAGCCTC,TCF19
769995,TGCTTCCAACTGCTGCGCAT,TCF19
770003,AATAATGTCCGACTCCCAAG,TCF19
770016,GAACATGAAGTAGAACTCCG,TCF19
777806,GTAACTGCTTTGCTCCCGAA,TCF20
777810,AGAAGAGTTCAGCCCTCGTC,TCF20
777859,GGCAATCAGTATGGGAGTGA,TCF20
777822,TGAAACCCTGGTAACCTTGA,TCF20
657677,CCTGTTGAGTCAAAAAAATC,TDG
657689,GATTGAAGGTCAAAATATCG,TDG
657691,GATGGCTGAAGCTCCTAATA,TDG
657699,TTGGGTTCCACTGGTTGTTT,TDG
951818,TCAAACCCGAATGGCATCAA,TDRD1
951821,GAATTACTTTCAGCACTTGG,TDRD1
951838,GGACTTCTTAAAGACTCATG,TDRD1
951827,CAAACAATATTTGGCTAGTC,TDRD1
812355,GATCATATCAGGGGTCCTCT,TDRD10
812364,GAGGGTTGAAGTCCTTTAGA,TDRD10
812390,ACAGTTTATCAGAGAGTTGG,TDRD10
812383,GTATGTTGGCAATCTTCCAC,TDRD10
865505,TAAACGATTCTACTACAACT,TDRD12
865511,GCTGTTGTAGAAGTCATTCA,TDRD12
865526,TGTTCTTGGCAAAGTCCACA,TDRD12
865515,AAACCCTTAACATTGGAAGA,TDRD12
642631,CTGCGATTACAGATGACTGA,TDRD3
824187,CACTATTGATGTCACTGGGG,TDRD3
824185,TCGCAATGTTGCTGCACCAA,TDRD3
642633,GACTCTAACACCACAGTTCT,TDRD3
853009,CTACATCCGGATCTATAGCA,TDRD5
853015,CGGGACATCTCTGTTGTGTA,TDRD5
853039,GGGAACTGGTGTCTAATGGT,TDRD5
853027,GCGCTGTTATTCTAATCAGC,TDRD5
651391,GTAGCATTACCCCGGCTCCA,TDRD7
651394,TGGATCCCCTTCAAACAGCT,TDRD7
651396,GGAGAGTACAGATCCTTGAC,TDRD7
651402,CTCGTCAAAGGAGTTCTAAA,TDRD7
681406,TCGGATTGATGTGGACACAG,TDRKH
681392,TATCCTATACCGCAGGTATA,TDRKH
681412,GATATAGGCAACTGTTGCAC,TDRKH
681418,GTTTAATATTGGCTCCTTGC,TDRKH
1032263,GGTCGTAGCCAAATCCAAAA,TET1
1032271,TACGAAGCACCTCTCTTAGC,TET1
1032267,CGCCATTGTAAACCCATTGC,TET1
1032279,CAACTACGAAAGACAACCAA,TET1
796538,CAGGACTCACACGACTATTC,TET2
796551,GGATAGAACCAACCATGTTG,TET2
796542,TGGAGAAAGACGTAACTTCG,TET2
796586,GACTTTACACAAGAAAGTAG,TET2
794259,CGAAAAGGCCACCAGATCGT,TET3
794257,CGTGAGTCCCCATGGTACAC,TET3
794266,TTTCATACCATGCCGCGCGA,TET3
410891,ACGACTCATCTCACGGTTGA,TET3
697641,AACGAGGAGACGGTAATAGT,TP53BP1
697646,CAGGTTCTAGAGGATGATTC,TP53BP1
697668,GAATCCAACTGACTTCCAGT,TP53BP1
697656,TGTGCGTCTGGAGATTAGGA,TP53BP1
801077,GAAGCACTGTTGCTTGCACA,TRIM28
801083,TCGGCCTGTAGTGCCTGCTT,TRIM28
801082,CTACAGGCCGAGTGCAAACA,TRIM28
801087,GTGCTTCTCCAAAGACATCG,TRIM28
764431,AGCGATTGCAGTAGGTGCAG,TRIM66
764433,ACAATACAAGGTGAAGTCTC,TRIM66
764437,GTATTGTCCTCTACACACAC,TRIM66
764440,GGAAGGTGTGACTACACAGG,TRIM66
803086,TCCGTCCGAGAACAACATAA,UBE2A
803089,GTGTGGAACGCGGTCATTTT,UBE2A
803091,CGGGTACAGTTTAAAGAAGC,UBE2A
1013627,GAGACAAATCTAACTGTAGG,UBE2A
993389,TTGGACTCCATCGATTCTGA,UBE2B
993409,TTACAAGAGGACCCACCTGT,UBE2B
993395,TTGGCTGGACTGTTAGGATT,UBE2B
993406,TCTTCAAAAGGTGTCCCTTC,UBE2B
933032,ATCGTTGGTCGACGTCCTTG,UBR7
746478,GTGAAGACTGGTTCCATGGA,UBR7
746477,GTGGGCTTATGCTGCACAAT,UBR7
746475,ACGCACTGGATCATCTCATC,UBR7
1073311,CGTGCCCGTCTTATTGATCC,UHRF2
1073316,GCACGTCTTGGAGCCATCAA,UHRF2
1073323,GTCCTCAATGGTGCACGTCT,UHRF2
1073324,TGATTGGAAGGTCCTACCCT,UHRF2
991022,GCCTCCGTACATCAGATCAA,USP22
991025,GCATATTCACGAGCATGCGA,USP22
991027,CATGGAAATAATCGCCAAGG,USP22
405906,CCACACGAAGCACTGGTAGA,USP22
644783,GTGAGATGTCGTCGCTGTTT,USP27X
644782,AGCTTTACGATCGGTTTAAG,USP27X
644791,AATCTCTCAGTATCGGCGTG,USP27X
644808,AGGTTGGGAATTTCTCACCA,USP27X
824492,GTCTTCGAGACGTGAAGCCG,USP51
824503,CTCCACGTCAAGTTCTCCTC,USP51
824509,GCAAAGAAGTTTCTCGAACC,USP51
824495,GCGGGCTCACGCTCTTGTAA,USP51
776699,ATCTGACGACCAGGCTACAT,WDR5
776701,GTGAACTTTAGAGCATAGTT,WDR5
776705,AAATTTGGGGCGCGTATGAT,WDR5
776739,CATCTGAGGCAGAAACAAGA,WDR5
842215,TAAGGTGTTCCGCGAAAACT,WDR82
842221,CTGCATGAGTGTATCTGATG,WDR82
842260,TGCTTCGATTTCAGCCCCAA,WDR82
95520,CGTGCTCTATGACTGCCAGG,WDR82
738652,GGATACCCATTTGTGAGTGG,WHSC1L1
738645,GAAGATCTTCTGTTGTAGCT,WHSC1L1
738642,TATCCTAATGGGTCAGCCAA,WHSC1L1
738660,TTGGCGGAGTCAATGAGTTG,WHSC1L1
714784,TTGTAGCCCTAACTCCCCTA,ZCWPW1
714799,GGGACTTCTGCAGAACAATC,ZCWPW1
714808,AGTTAGGGCTACAAGGTAAC,ZCWPW1
714802,GGTGGGGCAAAGATTCTCTT,ZCWPW1
607848,AGAGACCGTTCCTAAAGCAG,ZGPAT
607862,TTTCCGGGAGGCCATCACTG,ZGPAT
607876,GGTACTCAGCATCTTCCTGG,ZGPAT
607870,CAGCCTGCTCAGACGAATCC,ZGPAT
734276,CTGGTTCCGTATAATCTCAA,ZMYND11
734297,GCTGACGGGTGGTCTCTTTA,ZMYND11
806137,ATTCATTGTCTCCCGCATGA,ZMYND11
224142,ACTCTAACAGTGGGCTGCAA,ZMYND11
1096170,GAATCATGATTCTGGGCTGG,BAZ2B
1096172,GTCTACATTCAGCCAGCTCA,BAZ2B
1096174,ACTGATGCTCATACTCGTAC,BAZ2B
1096173,AGGCACTCGACACTGTGGAC,BAZ2B
909228,GTACGATGACCACGAGAGCG,BPTF
909229,ATCGTACACCACTTTGTTGA,BPTF
857933,GCGAAGTGTTGTATCCCGCA,C14orf169
857936,GATTCCTCCGAGTTCTCGCT,C14orf169
857937,TCGTATCTTCCTGGACCTCA,C14orf169
857935,GCGAGAACTCGGAGGAATCG,C14orf169
1114120,GGTGATGTTCACGTTCTGCC,EP400
1114122,GAACATCACCCTGCAGAGCG,EP400
1114123,GTATTTGATAACTGGGAGAC,EP400
1114126,AGCTGATGCTGGACGTTCTG,EP400
780589,AAGATGAGATTGCGGCCGAA,FBXO17
780591,GAAGATGAGATTGCGGCCGA,FBXO17
780593,GCCCAGCAACGAAGACAAGG,FBXO17
780595,CCTTGTCTTCGTTGCTGGGC,FBXO17
793577,TCCCTTAGCTCCCTGTTCTT,FKBP1A
728803,GTTTATGCTAGGCAAGCAGG,FKBP1A
793582,TAAGGAAATGGAATACTGAA,FKBP1A
728811,GTGATCCGAGGCTGGGAAGA,FKBP1A
1097024,TCCAACATCGAGCAACATTA,HDAC2
1097138,CGGAAACTGAGCTCAGTATC,HDAC2
1097140,CTAACTGGCTAAGCTATAGA,HDAC2
1097141,GAAACTTAGTCCCTTCGTTA,HDAC2
1112613,CATCCGGACTCCATAGAATA,HDAC8
1112616,GTAGCAATTAACTGGTCTGG,HDAC8
1112614,CATTCCGTCAATCAGGCATT,HDAC8
1112569,TCGGGACTATAGATATAAAC,HDAC8
1017118,GACAGGTTGCTGGCTTCGTT,JMJD8
1017121,ACAGGTTGCTGGCTTCGTTT,JMJD8
1017130,GGCTTCGTTTGGGGACAGAG,JMJD8
1017145,TTTGTGGTAGGAGTAGGTGT,JMJD8
819069,GAATAGCAGAGACTCCGGAG,KDM1A
819074,GGAATAGCAGAGACTCCGGA,KDM1A
819071,TGGAATAGCAGAGACTCCGG,KDM1A
819080,CTGCTATTCCAGTTTCCATG,KDM1A
785520,GTAGCCCTGCTGTAGCTCGT,KIAA2026
785522,CTGACCTACGAGCTACAGCA,KIAA2026
785525,GCTGACCTACGAGCTACAGC,KIAA2026
785533,GAGATGGAGGCGATGGTGAT,KIAA2026
810883,TCATCGTCCTCAGCCTCTTC,KMT2A
810893,TGACGAAGACGAAGACGAGG,KMT2A
810914,CATCGTCCTCAGCCTCTTCA,KMT2A
810923,CGATGACGAAGACGAAGACG,KMT2A
765688,AAAGAGTGCGGGTAGCTCTG,KMT2B
765681,CAGAGCTACCCGCACTCTTT,KMT2B
1120657,AGTGCCGGCGAAGCTGTTCA,L3MBTL3
1120654,GGATTCGGCTGTACTAAAGC,L3MBTL3
1120655,CTCTTGACCACTTGTGCTAG,L3MBTL3
1120658,TGGGATGCCTTTCAGGTTGA,L3MBTL3
1122247,CATTGATCCCCGACATCCAT,L3MBTL4
1122250,GTCCTGATCCAAACGCTCTT,L3MBTL4
1122251,ACATGAACTGCACATCCCTA,L3MBTL4
1122249,GTCGCCACACACACCAAGGA,L3MBTL4
1092689,GGTTCTGCCTGGAGTATGCA,MBD2
1092692,AATACAATGGCAAAGCACCA,MBD2
1092690,GAGGAAGTGATCCGAAAATC,MBD2
1092693,CCTCAGTTGGCAAGGTACCT,MBD2
1112417,GGACAGAAATCTCCATTCCG,MBD5
1112418,CAGCGTCGTGTGGATCAAAA,MBD5
1112419,GTCTACCCCCGACAGAGATT,MBD5
1112420,GAGAACCGCAGAAGATGTTA,MBD5
1092827,GCCGATGGGAAAAGCGATTA,MUM1
1092833,GACGACACGGAGAGAGACAT,MUM1
1092831,TGCAAAGTGGACCACAAGAA,MUM1
1092829,TTTTGTTGAAGTCGCGGTTC,MUM1
1092301,GTATTGCACGGCGATTACCT,NCOA1
1092302,TTTCGTCGTGTTGCCTCTTG,NCOA1
1092303,GTCTACAGCATACTGCACGT,NCOA1
1092308,CTAACCCAGACTCACATAAG,NCOA1
1123267,TGGTCAGCGTCGTACAGCAT,NCOR2
1123266,GCTTATGGCCGACCCCATGA,NCOR2
1123269,GGAATCACGCTCGGAAACAA,NCOR2
1123268,GATCCAGAACATGGACCGCG,NCOR2
611644,CACTTCTCGTTGAGGCTGGA,PCGF6
611647,ACATGAGTCACTTCTCGTTG,PCGF6
611655,TCACTTCTCGTTGAGGCTGG,PCGF6
611650,GAGTCACTTCTCGTTGAGGC,PCGF6
938632,TCCAGCAGAGAAGCTGCCAA,PHF14
938639,GCCTTTGGCAGCTTCTCTGC,PHF14
138241,TGGATCGCAGCTCCAAGAGG,PHF14
138253,GAGGAGGCAGGTGAAGCCTT,PHF14
1059361,GTTTTGACTCCGATCGCCAA,PRDM15
1059365,TTTGTTACATTCGCCGGCTG,PRDM15
1059364,TGGCGATCGGAGTCAAAACC,PRDM15
1059363,CGAATGTAACAAAGAACAGT,PRDM15
1042643,CGGTTCGGCCTTCCTCAAAG,PRDM6
1042647,GGTAGGCTGGGTCCACTTTG,PRDM6
1042663,GGCTGGGTCCACTTTGAGGA,PRDM6
1042658,CAGCAACTCTTCCCTCACGG,PRDM6
611041,TTTACGCTGTTCCACTCTTA,PRDM9
611044,CTCGCTATAGGAATGTGAAA,PRDM9
611063,ACTCTTAAGGCCATCCAAGG,PRDM9
611057,TCCACTCTTAAGGCCATCCA,PRDM9
941962,AAAGTAGGGCCTCCAGCGTG,SETD6
941955,CACCACGAACAACAGCTCTC,SETD6
710071,CCGCGCTACAACCAGATGAA,SMARCA4
710089,TTCTCATGCATGGACTCCAT,SMARCA4
710076,ATCTGGTGCATGTTGTCCTG,SMARCA4
710100,ATGGAGTCCATGCATGAGAA,SMARCA4
928528,CCTAGCTGTTTATCGACGGA,SMARCC1
928530,GCTGTTTATCGACGGAAGGA,SMARCC1
928533,CCTTCCGTCGATAAACAGCT,SMARCC1
928534,TCGATAAACAGCTAGGCCTG,SMARCC1
644014,ACCGGTGAAGAAGCCGAAAA,SUZ12
462583,GCCTGGACGTGCTCCATTTT,SUZ12
462592,GCCGAAAATGGAGCACGTCC,SUZ12
462597,TCCATTTTCGGCTTCTTCAC,SUZ12
948679,AGCGCTGGCAGAAAGAGTGC,TRIM24
525730,ACACGGCGCAAGTGTCCAAC,TRIM24
525747,AGTGTCCAACAGGTTGAGCC,TRIM24
525738,AAGTGTCCAACAGGTTGAGC,TRIM24
1029102,CTGCAAGCTCTGCTGACACA,TRIM33
1029107,TTCATCTCCTGCGGCCTCAG,TRIM33
125646,ATGGCGGAAAACAAAGGCGG,TRIM33
1092245,AATTCTTGCAGCAAGCGTAG,UTY
1092246,CCTTGGCTCGACAAAAGCTG,UTY
1092248,GTCTGTTAGCCTGACAGTCG,UTY
1092247,CGCTGTTGCCTTCGGTGATG,UTY
1106087,GCGATCCCCATTCAAGATCA,ZCWPW2
1106090,TTTGCCCTGACCGTTTTAAA,ZCWPW2
1106091,AGGTTGATCATGATGAACCA,ZCWPW2
1106095,TTGCTGCACTGGTCAAGAAA,ZCWPW2
670959,GCGCAGAGAGATCGAAATCC,AURKB
683405,ATTCTAGAGTATGCCCCCCG,AURKB
670972,TTTGAGATTGGGCGTCCTCT,AURKB
558385,TTGGAAACGTGTACTTGGCT,AURKB
806379,GTTAGTAGATACTGCTTGGT,BAZ1B
806382,ACAAGCTTCTCATACCAGGC,BAZ1B
806375,ATTTGGACGTGCAAGAGTAC,BAZ1B
655700,GTTGATGTTGTACCGCAGGA,ZMYND8
655699,TTGATGTGTCCTGCGGCGAG,ZMYND8
673742,GACTGACATCGGAACCAGAG,ZMYND8
682275,TGATGCACTAGTGATAGGAG,ATAT1
682274,TGATCGTGAGGCTCATAATG,ATAT1
891034,AACAGCGCGTCCACATCGAA,ATAT1
682277,CATGAGTCTGTGCAACGCCA,ATAT1
829319,TGACCTACGCTCAAGCTCAA,BRD1
829317,AGGTCAGCGTTTCTCGCGTA,BRD1
829323,TACTCCACGATGCGCACCTT,BRD1
829326,CGCTTAGTTCTTAAGCAGAC,BRD1
905824,GCCTCTAAAGCTAGTCCTGA,BRD9
905842,CGACTTTGATCCTGGGAAGA,BRD9
905821,CATCATAGTAACTGGAGTCG,BRD9
972067,GTCACGGATGCAATTGCTCC,BRD9
889274,CCGAATCCATCATCAAACGG,CBX6
889279,CGAGTCCAGGATGTTCTCCT,CBX6
352777,GCATCGAGTACCTGGTGAAA,CBX6
352821,AATGCACATCACTGATGCGG,CBX6
707056,CTGATCGTCTGACATGTCAT,CHAF1A
707060,TCAGGCGCTTAAACGGCAGA,CHAF1A
707066,CCGAAACTTGTCAACGGGAA,CHAF1A
707074,GTCCAAAGAGGCCTCTAAAT,CHAF1A
932258,GCGATGGTTCTTGTCTGCTT,CHD2
932264,TGAACCCGAAGCTTCTTCAG,CHD2
436891,AGCTATCCGTTCCTTCTTAG,CHD2
436879,CAGTCAGTCGGAAAGTGAGC,CHD2
1017380,CGCCGAGGAGATGGAGAATG,CHD5
1017368,CTTCGATGACTTTTTCCCTG,CHD5
1017390,TGAGCTATCAGAGAATGAAG,CHD5
1017389,TGGGTTTCTTCTTCTTAGGA,CHD5
774697,GGACCTGTATACTGCTGAAG,CHD6
774699,GACATCCCATAATGGGATGG,CHD6
774704,TTCGGTTCTCGTTTCCTCTT,CHD6
774733,TAGTCACTGTCTGCCTCAGA,CHD6
1010958,TGGATAGTTACTACCTTGGC,CHD8
1010957,TGAATCGAAACGCATCACCC,CHD8
1010959,GGACATCGGCATGTTGTGCT,CHD8
1010970,GTACAGCAGGCTCAGATAAT,CHD8
992914,TCAACTAGTGAAACAGGTCC,CHD9
992917,TATCAGATGGCAGTCCAATG,CHD9
992912,ACAAACCATTGGGTTGGTTT,CHD9
238269,GTGTTGGAGTACCTTGAACA,CHD9
833685,CTAGTGAAATTCGACAGGAC,CLOCK
833691,TCCTGGTAATGCTAGAAAGA,CLOCK
833713,GTTGGTGGAAGAAGATGACA,CLOCK
55574,GCTCATTTTACTACAGCTTA,CLOCK
630040,GACCACTATCGCCAAGCGAG,DIDO1
630046,CAAAGGCGACCCGAGCAATG,DIDO1
630065,AGCGCTTCTGAGACCAGAAG,DIDO1
630057,GGAAAACATGGGGTTTTCGA,DIDO1
985101,CGGATAGCTCTCATGGAGGT,ELP3
779420,CGATGTCTTTCCCCTGCTCG,ELP3
779431,CAGCAATGATATCCACCAGG,ELP3
779423,ATAGCCAGTGTAAGACTGGG,ELP3
783077,TAGTTCCCCTAACCTCAATA,EP300
284305,AGTTTAGGCCGCTTGGCTGA,EP300
284314,GCGGCCTAAACTCTCATCTC,EP300
284310,GAATTGGGACTAACCAATGG,EP300
701493,ATGTCCTTGCCGCGGTAGAT,EPC2
314953,GTAAACTCTCCTTCCGAGCG,EPC2
314959,GAGACGCAGTCGTTGAGATC,EPC2
314966,ACGACTGCGTCTCCATCAAC,EPC2
1028928,GTTCAACCGCAAGCTTCGGG,GTF2F1
1028933,CGACGTATTCAGTGACATTC,GTF2F1
1028931,GAAGTACGGCATCGTCCTCA,GTF2F1
1028949,CGTAGCAAAGTTGACTTTGT,GTF2F1
753644,TCTCGCGCATTTCCGTGAAG,ING3
753642,AATGCGCGAGATGGACCTGC,ING3
753653,GTTGTACCTAGAAGACTATC,ING3
753684,GAAAAATAAACCTGAGTGGA,ING3
746928,GTCCTTCACGCTCAGGATCT,KAT5
746971,GATCCAGTTCCCCAAGAAAG,KAT5
746948,GCCAAGACCCCCACTAAGAA,KAT5
101870,GATTGGCAAGGTCTTCCCGC,KAT5
708831,GAATAGCACTTCCTAAGCCT,KAT6A
708868,CTGATAAAGCGGGCAGTTGA,KAT6A
708894,AACAGCGTCCTTCAGAAGAA,KAT6A
271822,GCTATTCGCCCAGGATTATC,KAT6A
793681,ACGAGTGGGTAGACAAGAAC,KAT8
793688,GTCTCGAGTGAACGACCAGG,KAT8
793684,GGAATTCTATGTACACTACG,KAT8
134870,TCGGAGAAACGTACCTGTGC,KAT8
738766,GTTATCGTGCTTCTGCTGGA,KDM3B
738748,AGACTCGAATGCCCTGGAGA,KDM3B
738710,TACTCCCCTTGTAGATAAAC,KDM3B
738753,TAACTGGAAGCAACACTCCT,KDM3B
694474,CTTTGCAAGACCCGCACGAT,KDM4C
694483,GGCCACCTCCATGATGGTTA,KDM4C
694519,CGATGACTGTGAAGGAGTTC,KDM4C
187806,GAAGGTCATTATCTTACAGC,KDM4C
652910,TGCCAAGGTAATTCCACCCA,KDM4E
652897,TCCCAAGGCGCACATCAAGC,KDM4E
652920,GATGGTATGACTCGTGTTCT,KDM4E
652930,CCCGGTAATCCACCAATTTA,KDM4E
693135,CGAGTCAGAGCACGATAGTG,KDM6B
693149,GAACTACTGCCATGTGAAGG,KDM6B
693139,AGCAAACCATATTATGCTCC,KDM6B
693143,GATTCCAGCTTCCCATGGAG,KDM6B
612059,GAGCATAGTGATCCCATTGG,KMT2E
612071,GTTATGGTACTGATGTAACC,KMT2E
174697,GAGGACGAGCACCATAATTA,KMT2E
174754,TACCACAGGGCTAGCTTCTA,KMT2E
1078242,TCTTAAAGGCTTTACGTCGT,MBD4
603690,GCGATGGGTTCTTGTAGCAA,MBD4
1078245,ACGAGATTAAAAGGTGACCG,MBD4
603697,TGCCGTAAGTCTGTCCCATG,MBD4
642921,AGAGGGCGGCGATGATAGAC,MEN1
642927,AGAAGGTCTCCGATGTCATA,MEN1
642935,GTCCCTCTATCCTCGAGAAG,MEN1
642931,GTGAGCTCGGGAACGTTGGT,MEN1
628376,GATGAAGTTAGAAGCAGCTG,MINA
628368,CATAGTATGTGGCCAGTGCA,MINA
628360,GGTCATCTCTCTGAATGAGA,MINA
628338,CTCTTCCATAGTACATCCCC,MINA
814285,TTAGGCTTCGGGTCCTGCTT,MORF4L1
787408,TTTTCTTCCGAGGAGGCTGA,MORF4L1
520562,CAAAGATTTTTCAGAGCGCC,MORF4L1
520586,CTCCTTCAGGAACAGGAAAA,MORF4L1
802444,TACTAGAAATGTCCCTGCGC,MTA2
802455,GTTCCCGGTGCTTCAGTTGA,MTA2
802453,AGATATCTTGAGCCAGTACC,MTA2
571876,TCAATCCGTCTAACCAGGTA,MTA2
867544,ACAGCTTGGTCAAGGATGTT,MTF2
942743,TATGACCTGCATCCCATTCA,MTF2
587292,GACGTAAAGGAGACCGCTTG,MTF2
495279,GCAGACATTACCCTATAGTG,MTF2
841509,GATCAAGCCAACAACAGTGA,PCGF5
841519,ATACCCTTTACAGATATAGC,PCGF5
841529,ATTATATTTAAGCTGGTCCC,PCGF5
112574,TGAACTTGGTTGCCACACCT,PCGF5
784159,GTGATTCCAGGGCGATTTGG,PHF20L1
784166,GGAGTCATCGTTATGATGAG,PHF20L1
784168,CTTAGTGCTGGTCTCTCAAG,PHF20L1
330335,GATGACTCCAGCGCTCAAAA,PHF20L1
864518,ATCTGTCAGCGCATCAAATG,PPARGC1A
864521,TGAACTAGATGTGAACGACT,PPARGC1A
864535,GCAATCCGTCTTCATCCACA,PPARGC1A
864530,GCTTTCTGGGTGGACTCAAG,PPARGC1A
752741,CTTCCATCCGCGTTTCAAGA,PRMT5
752746,GAACCTGCTAAGAATCGGCC,PRMT5
752748,AGTTCATAGGCATTAGGTGG,PRMT5
530756,CTATTTCGGGGACGCAATTC,PRMT5
928634,GGTGGCTTTACAGCTCCATC,PSIP1
928641,AGATGAAAGGTTATCCCCAT,PSIP1
186381,ATGACTCGCGATTTCAAACC,PSIP1
928648,GCTGGCTTTTTCTTCATGGT,PSIP1
760659,GCGATGATACAAGGGTTCTG,RBBP4
880971,TTCTTCCACTGCGTCGTCGA,RBBP4
880985,GGAAGAACGAGTGATCAACG,RBBP4
572905,CAAACTGAGCATCATCATTA,RBBP4
1065390,TATGTGCCGTAAGTACGGTG,SETD1A
1065395,TAGCGGTACACCTTCTGAGA,SETD1A
1065406,CAAGGCTGAATGACAACGTG,SETD1A
314528,TAGTTCCGCCACTGGAAGCT,SETD1A
995902,GGAGTCGAGTCTACCTGAAG,SETD2
995901,TCTAGTCGATTTTTGCCCAA,SETD2
995912,ATCAAAGGACCAATGTTCAA,SETD2
349899,TCGTAGAAATCCCCCATCTT,SETD2
881921,GTATGTGCAGATCCGGACTC,SETD3
881923,TGAAAATGGGGCTTCTGTCG,SETD3
881965,TACAGCAACTGTGTCACCAA,SETD3
489933,GAGGCCCATTTCATTAGATC,SETD3
659607,GCTTCGAATCACTGTGTCCG,SETD4
659619,CAGTGATTCGAAGCTACTTA,SETD4
659613,GGAAGAAGGTTCACCACTTC,SETD4
659609,ACAGGGCAGGTATACGCCTT,SETD4
761316,GTACCTACCTGGTGTCCTTG,SETD5
141411,TAGACTTCATCGGCGGAAGC,SETD5
141414,ATGAGCATTGCAATCCCTCT,SETD5
141456,GACTAGCCTCCACAGATTCA,SETD5
827905,CAAAGACGACACGGCCTTGT,SETMAR
827929,CATCATAGTTCTCTCCATGG,SETMAR
827924,CCGGGAAAGGTTATTTGAGT,SETMAR
827945,GTGGGATCAATGTCTGCTCC,SETMAR
1073515,AAGCGTTGAATCCAACAATG,SIN3B
1073519,GATCTTCACCTGGTCCAGAT,SIN3B
1073542,GAGACACGTCTGATGACTCC,SIN3B
576594,GATCTCCAGGAAGCCGTTGT,SIN3B
820634,CGACCAAGTATTTGGCGTTC,SIRT7
820643,CAGCGTCTATCCCAGACTAC,SIRT7
820637,AAATACTTGGTCGTCTACAC,SIRT7
820663,GTGTGGACACTGCTTCAGAA,SIRT7
640259,AATACTCGAATCTATTTGCC,SMARCA5
640263,ATATTTGATGATGCGTCACC,SMARCA5
640255,TTTTTTATTCGTGGGCGCCC,SMARCA5
184966,GTTGGAGTCTTCTGAGCAGC,SMARCA5
1024125,GGACTGATCCATCCCTGACT,SMARCD1
1024126,AGGCAGCCGAATGACACCTC,SMARCD1
1024131,TGGACCTGCTGGATCTGCTG,SMARCD1
240829,GATTTTGGACCGCCTGCTGC,SMARCD1
944498,GTGTTATGAAGCGGAGATTG,SMNDC1
944492,ACCGCTGCAATCACCTTTGC,SMNDC1
944534,GAAGCTGCATTATCTGGAAA,SMNDC1
234153,TTCCTTCTTCTACAGGCTTG,SMNDC1
611243,AGGTTGATCTGCCGCTCAGG,SND1
611253,CGCCACACAACCTGATGCAA,SND1
611260,TTTCGAAGGAACTCTCGAGC,SND1
229887,GATAGAAAACAAGACTCCCC,SND1
1009862,GTTCAACGACGTCTATCAGG,SSRP1
1009874,GGCCATGTCTACAAGTATGA,SSRP1
1009868,TCGACTGAGGTTGAGCCGTC,SSRP1
566294,TCGCCTTGAGCTAATGGAGA,SSRP1
707053,ACTGTCTGAAGTTTGCCCCC,STK31
1001123,CTAGAAAACTGCAGCTCCAA,STK31
1001130,GCCAAAAAGTATAAACTTTG,STK31
244678,CTGGTGAGGTACATTGACTA,STK31
1085431,AACGAATACAAACCAGCTCC,SUV39H2
769359,GGGCACTTCAGATTTTGCAA,SUV39H2
825209,AATCACGTATCTCTTTGATC,SUV39H2
106631,GTATCAAGTGAAACTAGGCA,SUV39H2
1087654,TTTCGGCAACATCAGTGGAG,TAF1L
1087661,GGATACCCGCTAAAGTAAAT,TAF1L
1087658,CATGTCAGACTCGGACAGCG,TAF1L
1087663,CCACCCTTCATCATTTACCA,TAF1L
823113,ATCGGGATGCACGTCCACGA,TDRD6
823126,AATTTGCCCTCGGAAGTGCT,TDRD6
823119,ACAAAAGCCCGACCTGCACC,TDRD6
823114,ATGTGATCCCGGTGCAGCTG,TDRD6
607134,CCAGTCGTTGATCTGCTCGA,TDRD9
607140,ATCAACGACTGGTTCACCAT,TDRD9
607150,ACTCTACTTCTGAGCTCCTT,TDRD9
251573,CGGCAAGACGGTGACCAATG,TDRD9
834080,GAATACACCACCCTCATACA,UBE2E1
834138,GAAGTGAGCAGATAGAAAGG,UBE2E1
834115,AATGGAGATCAACCATTCTA,UBE2E1
834102,TTCATAGATGTTATCGCCTT,UBE2E1
659161,ACCCGAATGTGTACCCTTCG,UBE2I
659157,GCACGATGAACCTCATGAAC,UBE2I
659185,GTGCCTGTCCATCTTAGAGG,UBE2I
659216,TGCGCCATTCCAGGAAAGAA,UBE2I
967115,CCATACCCTCTTCGACTACG,UHRF1
967132,ATCCAGGTTCGGACCATGGA,UHRF1
967122,TCAGACAAGTCCTCCACCCA,UHRF1
1007783,ATGTGGGATGAGACGGAATT,UHRF1
810511,CTTACTTCCCGGGTGTTTAA,WHSC1
810549,GAAATCCTCGGCAGTGCCAA,WHSC1
810531,CAGCTTGTCGGCTGGAATAA,WHSC1
810539,GGGGTCATGCAGAAGTTTAA,WHSC1
927869,GATCTTCCCTTCCAGCGCTT,ERCC5
927902,AGCGCTGGAAGGGAAGATCC,ERCC5
927872,ATCTTCCCTTCCAGCGCTTC,ERCC5
